SALE TYPE,SOLD DATE,PROPERTY TYPE,ADDRESS,CITY,STATE_OR_PROVINCE,ZIP OR POSTAL CODE,PRICE,BEDS,BATHS,LOCATION,SQUARE_FEET,LOT SIZE,YEAR BUILT,DAYS ON MARKET,$/SQUARE FEET,HOA/MONTH,STATUS,URL (SEE https://www.redfin.com/buy-a-home/comparative-market-analysis FOR INFO ON PRICING),SOURCE,MLS#,FAVORITE,INTERESTED,LATITUDE,LONGITUDE,ratio_sqft_bd,additional_bd_opp,ratio_lot_sqft,adu_potential
MLS Listing,,Multi-Family ,36 W 11th St Unit COMBINATION,New York,NY,10011,22945000,15,11,Manhattan,12000,2054,1840,117,1912,,Active,https://www.redfin.com/NY/New-York/36-W-11th-St-10011/unit-COMBINATION/home/184792201,REBNY,PRCH-7519638,N,Y,40.7345195,-73.9965754,800,TRUE,0.171166667,FALSE
MLS Listing,,Multi-Family ,40 W 74th St,New York,NY,10023,18795000,5,7,Manhattan,11000,2554,1902,61,1709,,Active,https://www.redfin.com/NY/New-York/40-W-74th-St-10023/home/45317674,REBNY,RPLU-33422479118,N,Y,40.7781534,-73.9769623,2200,TRUE,0.232181818,FALSE
MLS Listing,,Multi-Family ,54 E 80th St,New York,NY,10075,18500000,6,6.5,Manhattan,5591,1839,1899,141,3309,,Active,https://www.redfin.com/NY/New-York/54-E-80th-St-10075/home/45290525,REBNY,OLRS-0073072,N,Y,40.7765693,-73.9610667,931.8333333,TRUE,0.328921481,FALSE
MLS Listing,,Multi-Family ,23 Beekman Pl,New York,NY,10022,17495000,9,9.5,Manhattan,11500,2000,1867,13,1521,,Active,https://www.redfin.com/NY/New-York/23-Beekman-Pl-10022/home/45281756,REBNY,RPLU-33422564748,N,Y,40.7533869,-73.9645267,1277.777778,TRUE,0.173913043,FALSE
MLS Listing,,Multi-Family ,6 E 74th St,New York,NY,10021,16800000,8,7.5,Manhattan,9700,2299,1871,67,1732,,Active,https://www.redfin.com/NY/New-York/6-E-74th-St-10021/home/185401288,REBNY,RPLU-33422447023,N,Y,40.7733371,-73.9655476,1212.5,TRUE,0.237010309,FALSE
MLS Listing,,Multi-Family ,112 Waverly Pl,New York,NY,10011,15500000,5,6.5,Manhattan,6321,2144,1826,64,2452,,Active,https://www.redfin.com/NY/New-York/112-Waverly-Pl-10011/home/45243662,REBNY,RPLU-33422457119,N,Y,40.7323524,-73.9993358,1264.2,TRUE,0.339186838,FALSE
MLS Listing,,Multi-Family ,20 Remsen St Unit TH,Brooklyn,NY,11201,11500000,6,5,Brooklyn,6094,2550,1856,7,1887,,Active,https://www.redfin.com/NY/Brooklyn/20-Remsen-St-11201/unit-TH/home/186066298,REBNY,PRCH-7622396,N,Y,40.6948687,-73.9978361,1015.666667,TRUE,0.418444372,FALSE
MLS Listing,,Multi-Family ,8820 Avenue J,Canarsie,NY,11236,11250000,50,50,Brooklyn,22035,15908,2016,228,511,,Active,https://www.redfin.com/NY/Brooklyn/8820-Avenue-J-11236/home/40887328,OneKey,3446376,N,Y,40.6376964,-73.9048363,440.7,TRUE,0.721942364,FALSE
MLS Listing,,Multi-Family ,646 Port Richmond Ave,Staten  Island,NY,10302,10700000,43,43,Staten Island,27152,32180,1971,113,394,,Active,https://www.redfin.com/NY/Staten-Island/646-Port-Richmond-Ave-10302/home/172346492,BNYMLS,472804,N,Y,40.6276713,-74.1423518,631.4418605,TRUE,1.185179729,FALSE
MLS Listing,,Multi-Family ,158 W 13th St,New York,NY,10011,10495000,5,5.5,Manhattan,7376,2117,1846,250,1423,,Active,https://www.redfin.com/NY/New-York/158-W-13th-St-10011/home/173350526,REBNY,OLRS-0079751,N,Y,40.7375107,-73.999772,1475.2,TRUE,0.287011931,FALSE
MLS Listing,,Multi-Family ,35 W 11th St,New York,NY,10011,10000000,7,7.5,Manhattan,5344,2349,1849,441,1871,,Active,https://www.redfin.com/NY/New-York/35-W-11th-St-10011/home/45244861,REBNY,RPLU-33421742655,N,Y,40.734814,-73.996305,763.4285714,TRUE,0.439558383,FALSE
MLS Listing,,Multi-Family ,52 E 76th St,New York,NY,10021,10000000,9,11.5,Manhattan,6800,1737,1883,76,1471,,Active,https://www.redfin.com/NY/New-York/52-E-76th-St-10021/home/45283754,REBNY,OLRS-0086254,N,Y,40.7738404,-73.9627656,755.5555556,TRUE,0.255441176,FALSE
MLS Listing,,Multi-Family ,30-90 Crescent St,Astoria,NY,11102,10000000,12,6,Queens,5508,11285,1901,127,1816,,Active,https://www.redfin.com/NY/Long-Island-City/3090-Crescent-St-11102/home/20955796,OneKey,3464232,N,Y,40.766333,-73.9264181,459,TRUE,2.048838054,FALSE
MLS Listing,,Multi-Family ,36 W 11th St,New York,NY,10011,9995000,9,5,Manhattan,6442,2054,1840,151,1552,,Active,https://www.redfin.com/NY/New-York/36-W-11th-St-10011/home/184338185,REBNY,PRCH-5211901,N,Y,40.7345195,-73.9965754,715.7777778,TRUE,0.318845079,FALSE
MLS Listing,,Multi-Family ,4 W 90th St,New York,NY,10024,9995000,10,10,Manhattan,9384,1913,1888,223,1065,,Active,https://www.redfin.com/NY/New-York/4-W-90th-St-10024/home/45273054,REBNY,PRCH-4280272,N,Y,40.787894,-73.968181,938.4,TRUE,0.20385763,FALSE
MLS Listing,,Multi-Family ,23 E 92nd St,New York,NY,10128,9250000,6,7,Manhattan ,7275,2047,1890,306,1271,,Active,https://www.redfin.com/NY/New-York/23-E-92nd-St-10128/home/45291013,REBNY,RPLU-5122010307,N,Y,40.7849793,-73.9563944,1212.5,TRUE,0.28137457,FALSE
MLS Listing,,Multi-Family ,198 Grand St,New York,NY,10013,8900000,11,10,Manhattan,12373,2442,2006,253,719,,Active,https://www.redfin.com/NY/New-York/198-Grand-St-10013/home/182705591,BNYMLS,468954,N,Y,40.7193672,-73.9966731,1124.818182,TRUE,0.197365231,FALSE
MLS Listing,,Multi-Family ,6423 20th Ave,Brooklyn,NY,11204,8800000,4,6,Brooklyn,5800,3600,1931,4,1517,,Active,https://www.redfin.com/NY/Brooklyn/6423-20th-Ave-11204/home/186114331,BNYMLS,475496,N,Y,40.6164902,-73.9854708,1450,TRUE,0.620689655,FALSE
MLS Listing,,Multi-Family ,156 Waverly Pl,New York,NY,10014,8750000,8,8,Manhattan,6072,2158,1839,8,1441,,Active,https://www.redfin.com/NY/New-York/156-Waverly-Pl-10014/home/45245229,REBNY,RPLU-5122572876-284,N,Y,40.7333143,-74.0012181,759,TRUE,0.355401845,FALSE
MLS Listing,,Multi-Family ,825 57th St,Brooklyn,NY,11220,7900000,6,2,Brooklyn,21400,4007,2003,101,369,,Active,https://www.redfin.com/NY/Brooklyn/825-57th-St-11220/home/185004077,BNYMLS,473094,N,Y,40.6368854,-74.0069213,3566.666667,TRUE,0.187242991,FALSE
MLS Listing,,Multi-Family ,,New York,NY,10065,7800000,0,,Manhattan,7200,1808,1899,1,1083,,Active,https://www.redfin.com/NY/New-York/Undisclosed-address-10065/home/171803299,REBNY,OLRS-0078651,N,Y,40.7636541,-73.9681695,0,FALSE,0.251111111,FALSE
MLS Listing,,Multi-Family ,120 W 87th St,New York,NY,10024,7750000,7,3.5,Manhattan,4950,1812,1888,176,1566,,Active,https://www.redfin.com/NY/New-York/120-W-87th-St-10024/home/45273554,REBNY,PRCH-5199300,N,Y,40.7873526,-73.9726148,707.1428571,TRUE,0.366060606,FALSE
MLS Listing,,Multi-Family ,169 W 21st St,New York,NY,10011,7600000,4,2.5,Manhattan ,5555,1850,1920,54,1368,,Active,https://www.redfin.com/NY/New-York/169-W-21st-St-10011/Bldg/home/185523272,REBNY,PRCH-7581605,N,Y,40.7428041,-73.9962821,1388.75,TRUE,0.333033303,FALSE
MLS Listing,,Multi-Family ,8 W 71st St,New York,NY,10023,7495000,8,8,Manhattan,6100,2008,1891,405,1229,,Active,https://www.redfin.com/NY/New-York/8-W-71st-St-10023/home/45266621,REBNY,PRCH-3763796,N,Y,40.7756416,-73.9772063,762.5,TRUE,0.329180328,FALSE
MLS Listing,,Multi-Family ,426 W 22nd St,New York,NY,10011,7375000,8,5,Manhattan ,4192,1813,1843,127,1759,,Active,https://www.redfin.com/NY/New-York/426-W-22nd-St-10011/home/45248510,REBNY,PRCH-5210321,N,Y,40.7460749,-74.0028271,524,TRUE,0.432490458,FALSE
MLS Listing,,Multi-Family ,225 E 21st St,New York,NY,10010,7000000,1,4.5,Manhattan,6017,2178,1920,238,1163,,Active,https://www.redfin.com/NY/New-York/225-E-21st-St-10010/home/178984940,REBNY,RPLU-33421701360,N,Y,40.7372336,-73.982716,6017,FALSE,0.361974406,FALSE
MLS Listing,,Multi-Family ,1624 78th St,Brooklyn,NY,11214,6988000,22,16,Brooklyn,16356,4725,,47,427,,Active,https://www.redfin.com/NY/Brooklyn/1624-78th-St-11214/home/40826804,BNYMLS,474466,N,Y,40.6140376,-74.0020789,743.4545455,TRUE,0.288884813,FALSE
MLS Listing,,Multi-Family ,323 Washington Ave,Brooklyn,NY,11205,6800000,10,8,Brooklyn,5000,2038,1885,88,1360,,Active,https://www.redfin.com/NY/Brooklyn/323-Washington-Ave-11205/home/40730638,REBNY,RPLU-21922421260,N,Y,40.6891665,-73.9656591,500,TRUE,0.4076,FALSE
MLS Listing,,Multi-Family ,83 E 2nd St,New York,NY,10003,6750000,10,6,Manhattan,6907,2083,1900,43,977,,Active,https://www.redfin.com/NY/New-York/83-E-2nd-St-10003/home/45241140,REBNY,PRCH-7585588,N,Y,40.7240346,-73.9886731,690.7,TRUE,0.301578109,FALSE
MLS Listing,,Multi-Family ,20 E Broadway,New York,NY,10002,6600000,2,2,Manhattan,8080,1786,1910,272,817,,Active,https://www.redfin.com/NY/New-York/20-E-Broadway-10002/home/182378276,BNYMLS,467524,N,Y,40.7136797,-73.9970342,4040,TRUE,0.221039604,FALSE
MLS Listing,,Multi-Family ,1198 Metropolitan Ave,Brooklyn,NY,11237,6500000,11,8,Brooklyn,14959,5500,1960,113,435,,Active,https://www.redfin.com/NY/Brooklyn/1198-Metropolitan-Ave-11237/home/184843206,REBNY,RPLU-33422372290,N,Y,40.713945,-73.929049,1359.909091,TRUE,0.367671636,FALSE
MLS Listing,,Multi-Family ,232 E 84th St,New York,NY,10028,6500000,8,5,Manhattan,4388,1700,1925,131,1481,,Active,https://www.redfin.com/NY/New-York/232-E-84th-St-10028/home/45293541,OneKey,3460221,N,Y,40.7767651,-73.9536277,548.5,TRUE,0.387420237,FALSE
MLS Listing,,Multi-Family ,341 W 84th St,New York,NY,10024,6500000,8,5,Manhattan,6500,1737,1900,12,1000,,Active,https://www.redfin.com/NY/New-York/341-W-84th-St-10024/home/45275685,REBNY,PRCH-7614607,N,Y,40.788356,-73.9801109,812.5,TRUE,0.267230769,FALSE
MLS Listing,,Multi-Family ,109 W 77th St,New York,NY,10024,6500000,11,5,Manhattan,5760,1925,1890,99,1128,,Active,https://www.redfin.com/NY/New-York/109-W-77th-St-10024/home/45269942,REBNY,PRCH-7533888,N,Y,40.7809903,-73.976839,523.6363636,TRUE,0.334201389,FALSE
MLS Listing,,Multi-Family ,248 E 32nd St,New York,NY,10016,6397362,9,9,Manhattan,6250,2469,1910,214,1024,,Active,https://www.redfin.com/NY/New-York/248-E-32nd-St-10016/home/45255346,REBNY,PRCH-4303067,N,Y,40.7435991,-73.977431,694.4444444,TRUE,0.39504,FALSE
MLS Listing,,Multi-Family ,6719 Bay Pkwy,Brooklyn,NY,11204,6388888,9,3.5,Brooklyn,11230,6000,1931,182,569,,Active,https://www.redfin.com/NY/Brooklyn/6719-Bay-Pkwy-11204/home/183826352,BNYMLS,471218,N,Y,40.612123,-73.9828422,1247.777778,TRUE,0.53428317,FALSE
MLS Listing,,Multi-Family ,6402 11th Ave,Brooklyn,NY,11219,6333000,10,2,Brooklyn,7848,3233,1931,265,807,,Active,https://www.redfin.com/NY/Brooklyn/6402-11th-Ave-11219/home/40808405,BNYMLS,467637,N,Y,40.6292771,-74.0056138,784.8,TRUE,0.41195209,FALSE
MLS Listing,,Multi-Family ,1375 65th St,Brooklyn,NY,11219,6300000,29,16,Brooklyn,14400,4000,1931,141,438,,Active,https://www.redfin.com/NY/Brooklyn/1375-65th-St-11219/home/40808829,BNYMLS,472154,N,Y,40.624946,-73.999427,496.5517241,TRUE,0.277777778,FALSE
MLS Listing,,Multi-Family ,4322 8th Ave,Brooklyn,NY,11232,6280000,8,2,Brooklyn,8000,3200,1924,109,785,,Active,https://www.redfin.com/NY/Brooklyn/4322-8th-Ave-11232/home/112396592,BNYMLS,472907,N,Y,40.6447432,-74.0003953,1000,TRUE,0.4,FALSE
MLS Listing,,Multi-Family ,7609 13th Ave,Brooklyn,NY,11228,6200000,6,2,Brooklyn,11940,8000,1931,229,519,,Active,https://www.redfin.com/NY/Brooklyn/7609-13th-Ave-11228/home/175625751,BNYMLS,469388,N,Y,40.6193219,-74.008026,1990,TRUE,0.67001675,FALSE
MLS Listing,,Multi-Family ,15 S Portland Ave,Brooklyn,NY,11217,6100000,6,4.5,Brooklyn,4693,2000,1866,6,1300,,Active,https://www.redfin.com/NY/Brooklyn/15-S-Portland-Ave-11217/home/40734344,REBNY,PRCH-7614355,N,Y,40.6895505,-73.9748532,782.1666667,TRUE,0.426166631,FALSE
MLS Listing,,Multi-Family ,35-54 95th St,Jackson Heights,NY,11372,5980000,40,20,Queens,15500,5500,1928,244,386,,Active,https://www.redfin.com/NY/Queens/3554-95th-St-11372/home/20930620,OneKey,3443931,N,Y,40.7515,-73.8725732,387.5,TRUE,0.35483871,FALSE
MLS Listing,,Multi-Family ,526 4th Ave,Brooklyn,NY,11215,5900000,12,8,Brooklyn,8456,3069,1931,177,698,,Active,https://www.redfin.com/NY/Brooklyn/526-4th-Ave-11215/home/183900209,BNYMLS,471328,N,Y,40.6675752,-73.9914231,704.6666667,TRUE,0.362937559,FALSE
MLS Listing,,Multi-Family ,309 W 87th St,New York,NY,10024,5750000,0,,Manhattan,5478,1812,1891,338,1050,,Active,https://www.redfin.com/NY/New-York/309-W-87th-St-10024/home/45276001,REBNY,OLRS-0087450,N,Y,40.7900217,-73.9779639,0,FALSE,0.330777656,FALSE
MLS Listing,,Multi-Family ,864 44th St,Brooklyn,NY,11220,5500000,16,12,Brooklyn,5460,5000,1925,221,1007,,Active,https://www.redfin.com/NY/Brooklyn/864-44th-St-11220/home/40691438,BNYMLS,469459,N,Y,40.6433559,-73.998727,341.25,TRUE,0.915750916,FALSE
MLS Listing,,Multi-Family ,,Brooklyn,NY,11231,5500000,7,4,Brooklyn,4200,2142,1930,7,1310,,Active,https://www.redfin.com/NY/Brooklyn/Undisclosed-address-11231/home/40686527,REBNY,OLRS-0089801,N,Y,40.6800067,-73.9982111,600,TRUE,0.51,FALSE
MLS Listing,,Multi-Family ,246 E 48th St,New York,NY,10017,5495000,6,6,Manhattan,4473,1875,1970,137,1228,,Active,https://www.redfin.com/NY/New-York/246-E-48th-St-10017/home/45279314,OneKey,H6235646,N,Y,40.7537924,-73.9701187,745.5,TRUE,0.419181757,FALSE
MLS Listing,,Multi-Family ,190-212 North Railroad Ave,Staten Island,NY,10304,5488000,10,22,Staten Island,15660,34265,1966,167,350,,Active,https://www.redfin.com/NY/Staten-Island/190-N-Railroad-Ave-10304/home/184267053,SIBORMLS,1159954,N,Y,40.5986904,-74.0869564,1566,TRUE,2.188058748,FALSE
MLS Listing,,Multi-Family ,151 Kane St,Brooklyn,NY,11231,5400000,8,5,Brooklyn,5184,2433,1931,1,1042,,Active,https://www.redfin.com/NY/Brooklyn/151-Kane-St-11201/home/186128746,REBNY,RLMX-91460,N,Y,40.6870739,-73.9987183,648,TRUE,0.469328704,FALSE
MLS Listing,,Multi-Family ,26 1st Pl,Brooklyn,NY,11231,5300000,8,4,Brooklyn,5408,2600,1900,99,980,,Active,https://www.redfin.com/NY/Brooklyn/26-1st-Pl-11231/home/40686477,REBNY,RLMX-88525,N,Y,40.6810001,-73.9999629,676,TRUE,0.480769231,FALSE
MLS Listing,,Multi-Family ,128 Bedford Ave,Williamsburg,NY,11249,5200000,12,7,Brooklyn,5600,1960,1900,49,929,,Active,https://www.redfin.com/NY/Brooklyn/128-Bedford-Ave-11249/home/40737087,OneKey,3481427,N,Y,40.7194267,-73.9562137,466.6666667,TRUE,0.35,FALSE
MLS Listing,,Multi-Family ,222 E 32nd St,New York,NY,10016,5150000,6,5,Manhattan,4240,1646,1910,147,1215,,Active,https://www.redfin.com/NY/New-York/222-E-32nd-St-10016/home/45340989,REBNY,OLRS-0089830,N,Y,40.7439161,-73.9782071,706.6666667,TRUE,0.388207547,FALSE
MLS Listing,,Multi-Family ,326 E 61st St,New York,NY,10065,5000000,24,20,Manhattan,10670,2675,1910,274,469,,Active,https://www.redfin.com/NY/New-York/326-E-61st-St-10065/home/45286859,OneKey,H6216116,N,Y,40.7611468,-73.9622253,444.5833333,TRUE,0.250702905,FALSE
MLS Listing,,Multi-Family ,190 New York Ave,Brooklyn,NY,11216,4999000,7,4,Brooklyn,8040,5123,1896,75,622,,Active,https://www.redfin.com/NY/Brooklyn/190-New-York-Ave-11216/home/40708536,REBNY,PRCH-7561036,N,Y,40.6738316,-73.9477154,1148.571429,TRUE,0.637189055,FALSE
MLS Listing,,Multi-Family ,131 S 1st St,Brooklyn,NY,11249,4999000,5,4.5,Brooklyn,4545,1710,2017,62,1100,,Active,https://www.redfin.com/NY/Brooklyn/131-S-1st-St-11249/home/144320225,REBNY,OLRS-00010071229-28,N,Y,40.7142227,-73.962272,909,TRUE,0.376237624,FALSE
MLS Listing,,Multi-Family ,310 W 82nd St,New York,NY,10024,4999000,9,9,Manhattan,5100,1737,1893,161,980,,Active,https://www.redfin.com/NY/New-York/310-W-82nd-St-10024/home/45275446,REBNY,RPLU-5122284999,N,Y,40.7864055,-73.9804373,566.6666667,TRUE,0.340588235,FALSE
MLS Listing,,Multi-Family ,218 E 31st St,New York,NY,10016,4995000,6,6,Manhattan,4000,1975,1901,89,1249,,Active,https://www.redfin.com/NY/New-York/218-E-31st-St-10016/home/45255071,REBNY,PRCH-7527604,N,Y,40.74338,-73.9787014,666.6666667,TRUE,0.49375,FALSE
MLS Listing,,Multi-Family ,96-98 Baltic St,Brooklyn,NY,11201,4990000,4,16,Brooklyn,12000,5242,1900,196,416,,Active,https://www.redfin.com/NY/Brooklyn/9698-Baltic-St-11201/home/183640146,SIBORMLS,1159388,N,Y,40.688107,-74.000693,3000,TRUE,0.436833333,FALSE
MLS Listing,,Multi-Family ,55-44 97th Pl,Corona,NY,11368,4990000,21,20,Queens,9776,2666,2021,357,510,,Active,https://www.redfin.com/NY/Queens/5544-97th-Pl-11368/home/143616940,OneKey,3418862,N,Y,40.7376085,-73.8634655,465.5238095,TRUE,0.272708674,FALSE
MLS Listing,,Multi-Family ,30-88 30th St,Queens,NY,11102,4980000,8,6.5,Queens,7100,3176,2005,267,701,,Active,https://www.redfin.com/NY/Long-Island-City/3088-30th-St-11102/home/20956108,REBNY,PRCH-3973105,N,Y,40.7652295,-73.9241562,887.5,TRUE,0.447323944,FALSE
MLS Listing,,Multi-Family ,224 E 68th St,New York,NY,10065,4950000,5,5.5,Manhattan,4440,1817,1901,93,1115,,Active,https://www.redfin.com/NY/New-York/224-E-68th-St-10065/home/45286565,REBNY,PRCH-7546197,N,Y,40.766646,-73.9616866,888,TRUE,0.409234234,FALSE
MLS Listing,,Multi-Family ,152 W 73rd St,New York,NY,10023,4950000,0,,Manhattan,6082,2043,1882,112,814,,Active,https://www.redfin.com/NY/New-York/152-W-73rd-St-10023/home/45269679,REBNY,OLRS-0090311,N,Y,40.778692,-73.9802137,0,FALSE,0.33590924,FALSE
MLS Listing,,Multi-Family ,2099 Fifth Ave,New York,NY,10035,4845000,9,6,Manhattan,5939,1314,1900,68,816,,Active,https://www.redfin.com/NY/New-York/2099-5th-Ave-10035/home/45299950,REBNY,PRCH-7571952,N,Y,40.808933,-73.940052,659.8888889,TRUE,0.221249369,FALSE
MLS Listing,,Multi-Family ,705 86th St,Brooklyn,NY,11228,4800000,4,2,Brooklyn,12399,3520,1980,120,387,,Active,https://www.redfin.com/NY/Brooklyn/705-86th-St-11228/home/184748412,BNYMLS,472640,N,Y,40.6190117,-74.021635,3099.75,TRUE,0.283893862,FALSE
MLS Listing,,Multi-Family ,43 W 94th St,New York,NY,10025,4800000,6,5,Manhattan,4100,1787,1886,137,1171,,Active,https://www.redfin.com/NY/New-York/43-W-94th-St-10025/home/45272890,REBNY,PRCH-5276679,N,Y,40.7910914,-73.9668982,683.3333333,TRUE,0.435853659,FALSE
MLS Listing,,Multi-Family ,458 W 51st St,New York,NY,10019,4700000,8,5,Manhattan,4120,2092,1920,1,1141,,Active,https://www.redfin.com/NY/New-York/458-W-51st-St-10019/home/45263974,REBNY,OLRS-0060021,N,Y,40.764924,-73.9907911,515,TRUE,0.50776699,FALSE
MLS Listing,,Multi-Family ,690 Castleton Ave,Staten Island,NY,10310,4695000,0,16,Staten Island,20304,10286,1975,63,231,,Active,https://www.redfin.com/NY/Staten-Island/690-Castleton-Ave-10310/home/143661605,SIBORMLS,1161995,N,Y,40.6345417,-74.1057811,0,FALSE,0.506599685,FALSE
MLS Listing,,Multi-Family ,314 W 102nd St,New York,NY,10025,4650000,8,4,Manhattan,4000,1917,1925,11,1163,,Active,https://www.redfin.com/NY/New-York/314-W-102nd-St-10025/home/45304700,OneKey,H6258100,N,Y,40.7992671,-73.9713751,500,TRUE,0.47925,FALSE
MLS Listing,,Multi-Family ,672 Saint Marks Ave,Brooklyn,NY,11216,4600000,9,8,Brooklyn,5508,3796,1931,403,835,,Active,https://www.redfin.com/NY/Brooklyn/672-Saint-Marks-Ave-11216/home/40708299,REBNY,RPLU-33421847628,N,Y,40.6749719,-73.951334,612,TRUE,0.689179375,FALSE
MLS Listing,,Multi-Family ,1535 E 17th St,Brooklyn,NY,11230,4500000,16,16,Brooklyn,17542,4000,2006,64,257,,Active,https://www.redfin.com/NY/Brooklyn/1535-E-17th-St-11230/home/40929649,BNYMLS,474002,N,Y,40.61265,-73.9568536,1096.375,TRUE,0.228024171,FALSE
MLS Listing,,Multi-Family ,231 E 60th St,New York,NY,10022,4500000,0,,Manhattan,5100,2008,1910,157,882,,Active,https://www.redfin.com/NY/New-York/231-E-60th-St-10022/home/147711952,REBNY,OLRS-0079978,N,Y,40.76182,-73.9646719,0,FALSE,0.39372549,FALSE
MLS Listing,,Multi-Family ,170-19 89th Ave,Jamaica,NY,11432,4500000,20,20,Queens,11374,3500,2021,423,396,,Active,https://www.redfin.com/NY/Jamaica/17019-89th-Ave-11432/home/20760690,OneKey,3401344,N,Y,40.7099897,-73.7904971,568.7,TRUE,0.30771936,FALSE
MLS Listing,,Multi-Family ,26-32 Narrows Rd S,Staten Island,NY,10305,4500000,16,14,Staten Island,13860,23200,1974,57,325,,Active,https://www.redfin.com/NY/Staten-Island/2632-Narrows-Rd-S-10305/home/185489537,SIBORMLS,1162118,N,Y,40.603872,-74.070646,866.25,TRUE,1.673881674,FALSE
MLS Listing,,Multi-Family ,2245 Creston Ave,Bronx,NY,10453,4495000,6,17,Bronx,12733,3000,2020,71,353,,Active,https://www.redfin.com/NY/Bronx/2245-Creston-Ave-10453/home/44717365,OneKey,H6247745,N,Y,40.8569296,-73.9016966,2122.166667,TRUE,0.235608262,FALSE
MLS Listing,,Multi-Family ,2105 E 14th St,Brooklyn,NY,11229,4300000,12,15,Brooklyn,13600,4000,1924,354,316,,Active,https://www.redfin.com/NY/Brooklyn/2105-E-14th-St-11229/home/179469229,BNYMLS,465628,N,Y,40.598497,-73.957108,1133.333333,TRUE,0.294117647,FALSE
MLS Listing,,Multi-Family ,100 Lefferts Pl,Brooklyn,NY,11238,4300000,5,5,Brooklyn,6500,2399,1930,113,662,,Active,https://www.redfin.com/NY/Brooklyn/100-Lefferts-Pl-11238/home/40733014,REBNY,OLRS-0026829,N,Y,40.6808888,-73.9598909,1300,TRUE,0.369076923,FALSE
MLS Listing,,Multi-Family ,8104 5th Ave,Brooklyn,NY,11209,4228888,12,4.5,Brooklyn,8260,3839,1921,180,512,,Active,https://www.redfin.com/NY/Brooklyn/8104-5th-Ave-11209/home/183851577,BNYMLS,471258,N,Y,40.6250044,-74.0246435,688.3333333,TRUE,0.464769976,FALSE
MLS Listing,,Multi-Family ,139 Clinton Ave,Clinton Hill,NY,11205,4200000,8,8,Brooklyn,5479,4500,1905,134,767,,Active,https://www.redfin.com/NY/Brooklyn/139-Clinton-Ave-11205/home/40729825,OneKey,H6235841,N,Y,40.6938402,-73.9686349,684.875,TRUE,0.821317759,FALSE
MLS Listing,,Multi-Family ,1021 Manhattan Ave,Greenpoint,NY,11222,4200000,12,6.5,Brooklyn,5500,1875,1931,8,764,,Active,https://www.redfin.com/NY/Brooklyn/1021-Manhattan-Ave-11222/home/186062465,OneKey,3490323,N,Y,40.7339021,-73.9551121,458.3333333,TRUE,0.340909091,FALSE
MLS Listing,,Multi-Family ,21 W 121st St Unit TOWNHOUSE,New York,NY,10027,4195000,10,5.5,Manhattan,5775,2119,1887,157,726,,Active,https://www.redfin.com/NY/New-York/21-W-121st-St-10027/unit-TOWNHOUSE/home/148049930,REBNY,RLMX-87013,N,Y,40.8051043,-73.9466707,577.5,TRUE,0.366926407,FALSE
MLS Listing,,Multi-Family ,360 Van Duzer St,Staten  Island,NY,10304,4150000,16,8,Staten Island,14784,13065,2018,4,281,,Active,https://www.redfin.com/NY/Staten-Island/360-Van-Duzer-St-10304/home/56105313,BNYMLS,475482,N,Y,40.6295569,-74.0796184,924,TRUE,0.883725649,FALSE
MLS Listing,,Multi-Family ,22 W 120th St,New York,NY,10027,4125000,5,2.5,Manhattan,4685,2025,1886,85,880,,Active,https://www.redfin.com/NY/New-York/22-W-120th-St-10027/home/45298883,REBNY,OLRS-0028553,N,Y,40.803447,-73.9455775,937,TRUE,0.432230523,FALSE
MLS Listing,,Multi-Family ,2310 Creston Ave,Bronx,NY,10468,4000000,36,,Bronx,36930,7500,1941,409,108,,Active,https://www.redfin.com/NY/Bronx/2310-Creston-Ave-10468/home/44714926,OneKey,H6187034,N,Y,40.8581755,-73.9004171,1025.833333,TRUE,0.203086921,FALSE
MLS Listing,,Multi-Family ,62 3rd St #2,Carroll Gardens,NY,11231,4000000,7,6,Brooklyn,5175,1864,1867,116,773,,Active,https://www.redfin.com/NY/Brooklyn/62-3rd-St-11231/unit-2/home/184811234,OneKey,3466849,N,Y,40.677659,-73.993955,739.2857143,TRUE,0.360193237,FALSE
MLS Listing,,Multi-Family ,58-94 Grand Ave,Queens,NY,11378,3999999,11,4,Queens,7175,4992,,378,557,,Active,https://www.redfin.com/NY/Queens/5894-Grand-Ave-11378/home/162868613,BNYMLS,463964,N,Y,40.7202124,-73.9084715,652.2727273,TRUE,0.695749129,FALSE
MLS Listing,,Multi-Family ,639 Tompkins Ave,Staten Island,NY,10305,3999000,21,14,Staten Island,12200,20646,2002,200,328,,Active,https://www.redfin.com/NY/Staten-Island/639-Tompkins-Ave-10305/home/56057214,SIBORMLS,1157516,N,Y,40.6107278,-74.0701607,580.952381,TRUE,1.692295082,FALSE
MLS Listing,,Multi-Family ,502 E 118th St,New York,NY,10035,3995000,4,3,Manhattan,5298,3537,1899,154,754,,Active,https://www.redfin.com/NY/New-York/502-E-118th-St-10035/home/45298972,REBNY,RPLU-33422270259,N,Y,40.7960065,-73.9317915,1324.5,TRUE,0.667610419,FALSE
MLS Listing,,Multi-Family ,2296 E 2nd Ave,New York,NY,10035,3980000,12,4.5,Manhattan,4492,1532,1900,153,886,,Active,https://www.redfin.com/NY/New-York/2296-2nd-Ave-10035/home/167170041,OneKey,3458872,N,Y,40.798087,-73.936622,374.3333333,TRUE,0.341050757,FALSE
MLS Listing,,Multi-Family ,20-31 Palmetto St,Ridgewood,NY,11385,3960000,17,12,Queens,5600,2742,1930,13,707,,Active,https://www.redfin.com/NY/Queens/2031-Palmetto-St-11385/home/20883840,OneKey,3489157,N,Y,40.7067352,-73.9039932,329.4117647,TRUE,0.489642857,FALSE
MLS Listing,,Multi-Family ,40 Hamilton Ter,New York,NY,10031,3850000,5,6,Manhattan,4142,1800,1897,424,930,,Active,https://www.redfin.com/NY/New-York/40-Hamilton-Ter-10031/home/45308153,REBNY,RPLU-33421750815,N,Y,40.8229622,-73.9466015,828.4,TRUE,0.43457267,FALSE
MLS Listing,,Multi-Family ,46-16 Newtown Rd,Astoria,NY,11103,3850000,10,6.5,Queens,7500,4320,2012,152,513,,Active,https://www.redfin.com/NY/Long-Island-City/4616-Newtown-Rd-11103/home/23178340,OneKey,3459178,N,Y,40.7571966,-73.91322,750,TRUE,0.576,FALSE
MLS Listing,,Multi-Family ,408 E 138th St,Bronx,NY,10454,3800000,24,24,Bronx,8328,1856,1931,21,456,,Active,https://www.redfin.com/NY/Bronx/408-E-138th-St-10454/home/44745893,BNYMLS,475057,N,Y,40.8088362,-73.9227325,347,TRUE,0.222862632,FALSE
MLS Listing,,Multi-Family ,408 Beverley Rd,Brooklyn,NY,11218,3800000,11,4,Brooklyn,4000,4000,1910,43,950,,Active,https://www.redfin.com/NY/Brooklyn/408-Beverley-Rd-11218/home/40793899,OneKey,3482876,N,Y,40.6428292,-73.976001,363.6363636,TRUE,1,FALSE
MLS Listing,,Multi-Family ,975 Ocean Ave,Brooklyn,NY,11226,3800000,47,16,Brooklyn,18800,5500,,189,202,,Active,https://www.redfin.com/NY/Brooklyn/975-Ocean-Ave-11226/home/40788764,BNYMLS,470976,N,Y,40.6387595,-73.9585073,400,TRUE,0.292553191,FALSE
MLS Listing,,Multi-Family ,16-93 Putnam Ave,Ridgewood,NY,11385,3800000,8,6,Queens,6160,2199,1916,35,617,,Active,https://www.redfin.com/NY/Queens/1693-Putnam-Ave-11385/home/185759176,OneKey,3484848,N,Y,40.7003828,-73.9068926,770,TRUE,0.356980519,FALSE
MLS Listing,,Multi-Family ,199 Hewes St,Williamsburg,NY,11211,3650000,12,5,Brooklyn,6500,1500,1910,35,562,,Active,https://www.redfin.com/NY/Brooklyn/199-Hewes-St-11211/home/185749359,OneKey,H6236593,N,Y,40.704102,-73.9573193,541.6666667,TRUE,0.230769231,FALSE
MLS Listing,,Multi-Family ,255 Stuyvesant Ave,Brooklyn,NY,11221,3600000,5,5.5,Brooklyn,4635,1900,1899,29,777,,Active,https://www.redfin.com/NY/Brooklyn/255-Stuyvesant-Ave-11221/home/40721798,REBNY,PRCH-7591251,N,Y,40.6858834,-73.9323975,927,TRUE,0.409924488,FALSE
MLS Listing,,Multi-Family ,121 W 136th St,New York,NY,10030,3599000,5,5.5,Manhattan,5400,1549,1910,35,666,,Active,https://www.redfin.com/NY/New-York/121-W-136th-St-10030/home/45306227,REBNY,OLRS-0091415,N,Y,40.8153973,-73.9412519,1080,TRUE,0.286851852,FALSE
MLS Listing,,Multi-Family ,549 W 149th St,New York,NY,10031,3595000,5,4,Manhattan,4675,1665,1910,98,769,,Active,https://www.redfin.com/NY/New-York/549-W-149th-St-10031/home/45309446,REBNY,RPLU-33422361919,N,Y,40.828721,-73.947403,935,TRUE,0.356149733,FALSE
MLS Listing,,Multi-Family ,730 Saint Nicholas Ave,New York,NY,10031,3595000,7,4.5,Manhattan,8100,3033,1889,155,444,,Active,https://www.redfin.com/NY/New-York/730-Saint-Nicholas-Ave-10031/home/45308715,REBNY,RPLU-33422287762,N,Y,40.8249387,-73.9437661,1157.142857,TRUE,0.374444444,FALSE
MLS Listing,,Multi-Family ,434 Throop Ave,Brooklyn,NY,11221,3500000,6,5.5,Brooklyn,4490,1733,1899,170,780,,Active,https://www.redfin.com/NY/Brooklyn/434-Throop-Ave-11221/home/40726249,REBNY,RPLU-33422266111,N,Y,40.6890199,-73.942377,748.3333333,TRUE,0.38596882,FALSE
MLS Listing,,Multi-Family ,518 86th St,Brooklyn,NY,11209,3500000,5,,Brooklyn,4950,1600,1926,19,707,,Active,https://www.redfin.com/NY/Brooklyn/518-86th-St-11209/home/179048316,BNYMLS,475115,N,Y,40.620983,-74.0258447,990,TRUE,0.323232323,FALSE
MLS Listing,,Multi-Family ,105 W 118th St,New York,NY,10026,3500000,5,5.5,Manhattan,5468,2018,1901,137,640,,Active,https://www.redfin.com/NY/New-York/105-W-118th-St-10026/home/45305533,OneKey,3462260,N,Y,40.8037771,-73.9492653,1093.6,TRUE,0.369056328,FALSE
MLS Listing,,Multi-Family ,179 Huron St,Brooklyn,NY,11222,3499000,10,5,Brooklyn,4125,2500,1931,374,848,,Active,https://www.redfin.com/NY/Brooklyn/179-Huron-St-11222/home/40738792,BNYMLS,464042,N,Y,40.7332534,-73.9540591,412.5,TRUE,0.606060606,FALSE
MLS Listing,,Multi-Family ,76 W 127th St,New York,NY,10027,3499000,5,6.5,Manhattan,5355,1666,1909,119,653,,Active,https://www.redfin.com/NY/New-York/76-W-127th-St-10027/home/45299416,REBNY,OLRS-00010037213,N,Y,40.8086835,-73.9440532,1071,TRUE,0.311111111,FALSE
MLS Listing,,Multi-Family ,260 W 121st St,New York,NY,10027,3495000,7,6,Manhattan,4000,1817,1910,49,874,,Active,https://www.redfin.com/NY/New-York/260-W-121st-St-10027/home/45306278,REBNY,RPLU-33422490966,N,Y,40.8071184,-73.9523236,571.4285714,TRUE,0.45425,FALSE
MLS Listing,,Multi-Family ,4802 7th Ave,Brooklyn,NY,11220,3450000,21,11,Brooklyn,7800,2500,1938,109,442,,Active,https://www.redfin.com/NY/Brooklyn/4802-7th-Ave-11220/home/181493826,BNYMLS,472913,N,Y,40.6436176,-74.0050724,371.4285714,TRUE,0.320512821,FALSE
MLS Listing,,Multi-Family ,859 53rd St,Brooklyn,NY,11220,3380000,15,8,Brooklyn,4330,2003,2016,96,781,,Active,https://www.redfin.com/NY/Brooklyn/859-53rd-St-11220/home/40805432,BNYMLS,473225,N,Y,40.638696,-74.003769,288.6666667,TRUE,0.462586605,FALSE
MLS Listing,,Multi-Family ,6024 18th Ave,Brooklyn,NY,11204,3275000,8,5.5,Brooklyn,5120,1888,1931,131,640,,Active,https://www.redfin.com/NY/Brooklyn/6024-18th-Ave-11204/home/184669916,BNYMLS,472398,N,Y,40.6216645,-73.9879959,640,TRUE,0.36875,FALSE
MLS Listing,,Multi-Family ,261 W 132nd St,New York,NY,10027,3250000,5,5.5,Manhattan,4160,1599,1910,142,781,,Active,https://www.redfin.com/NY/New-York/261-W-132nd-St-10027/home/45306546,REBNY,OLRS-0072311,N,Y,40.8143445,-73.9468544,832,TRUE,0.384375,FALSE
MLS Listing,,Multi-Family ,37 Avon Pl,Staten Island,NY,10301,3250000,3,17,Staten Island,9000,6132,1926,81,361,,Active,https://www.redfin.com/NY/Staten-Island/37-Avon-Pl-10301/home/56102536,SIBORMLS,1161660,N,Y,40.6351116,-74.0827691,3000,TRUE,0.681333333,FALSE
MLS Listing,,Multi-Family ,105 Brighton 11th St,Brooklyn,NY,11235,3249000,12,6,Brooklyn,6400,1800,1931,417,508,,Active,https://www.redfin.com/NY/Brooklyn/105-Brighton-11th-St-11235/home/112332283,BNYMLS,462894,N,Y,40.5800964,-73.957455,533.3333333,TRUE,0.28125,FALSE
MLS Listing,,Multi-Family ,248 New York Ave #8,Brooklyn,NY,11216,3200000,17,8,Brooklyn,7984,3000,1905,85,401,,Active,https://www.redfin.com/NY/Brooklyn/248-New-York-Ave-11216/unit-8/home/40709328,BNYMLS,473490,N,Y,40.6718673,-73.9477614,469.6470588,TRUE,0.375751503,FALSE
MLS Listing,,Multi-Family ,1355 64th St,Brooklyn,NY,11219,3200000,16,16,Brooklyn,10556,3770,1931,176,303,,Active,https://www.redfin.com/NY/Brooklyn/1355-64th-St-11219/home/40808331,BNYMLS,471340,N,Y,40.6258525,-73.9994622,659.75,TRUE,0.357142857,FALSE
MLS Listing,,Multi-Family ,263 W 139th St,New York,NY,10030,3200000,0,,Manhattan,5000,1899,1920,40,640,,Active,https://www.redfin.com/NY/New-York/263-W-139th-St-10030/home/45307903,OneKey,H6253816,N,Y,40.819079,-73.944168,0,FALSE,0.3798,FALSE
MLS Listing,,Multi-Family ,158 W 136th St,New York,NY,10030,3199000,5,5,Manhattan,4175,1665,1915,34,766,,Active,https://www.redfin.com/NY/New-York/158-W-136th-St-10030/home/45305930,REBNY,RPLU-33422459337,N,Y,40.8154836,-73.9423999,835,TRUE,0.398802395,FALSE
MLS Listing,,Multi-Family ,72-34 45th Ave,Woodside,NY,11377,3180000,12,8,Queens,7966,5487,2006,375,399,,Active,https://www.redfin.com/NY/Woodside/7234-45th-Ave-11377/home/20665250,OneKey,3414476,N,Y,40.7404681,-73.8910246,663.8333333,TRUE,0.68880241,FALSE
MLS Listing,,Multi-Family ,1096 Ocean Ave,Brooklyn,NY,11230,3100000,4,17,Brooklyn,16000,5575,1931,121,194,,Active,https://www.redfin.com/NY/Brooklyn/1096-Ocean-Ave-11230/home/184746435,BNYMLS,472616,N,Y,40.635724,-73.9586445,4000,TRUE,0.3484375,FALSE
MLS Listing,,Multi-Family ,4424 5th Ave,Brooklyn,NY,11220,3100000,8,5,Brooklyn,4347,1614,,240,713,,Active,https://www.redfin.com/NY/Brooklyn/4424-5th-Ave-11220/home/179350348,BNYMLS,469230,N,Y,40.6481269,-74.0075525,543.375,TRUE,0.371290545,FALSE
MLS Listing,,Multi-Family ,529 Lafayette Ave,Brooklyn,NY,11205,3000000,9,7,Brooklyn,4320,2500,2005,78,694,,Active,https://www.redfin.com/NY/Brooklyn/529-Lafayette-Ave-11205/home/40725868,REBNY,OLRS-0090822,N,Y,40.6898547,-73.9535584,480,TRUE,0.578703704,FALSE
MLS Listing,,Multi-Family ,8001 New Utrecht Ave,Brooklyn,NY,11214,3000000,32,,Brooklyn,46600,13142,1927,112,64,,Active,https://www.redfin.com/NY/Brooklyn/8001-New-Utrecht-Ave-11214/home/40827603,OneKey,H6239871,N,Y,40.6115483,-74.0008656,1456.25,TRUE,0.282017167,FALSE
MLS Listing,,Multi-Family ,452 W 144th St,New York,NY,10031,3000000,9,4,Manhattan,5304,2098,1890,96,566,,Active,https://www.redfin.com/NY/New-York/452-W-144th-St-10031/home/45308784,REBNY,OLRS-0084481,N,Y,40.824024,-73.9472907,589.3333333,TRUE,0.395550528,FALSE
MLS Listing,,Multi-Family ,491 E 45th St #16,East Flatbush,NY,11203,3000000,24,16,Queens,12720,4000,1931,139,236,,Active,https://www.redfin.com/NY/Brooklyn/491-E-45th-St-11203/unit-16/home/40780737,OneKey,3458480,N,Y,40.6496623,-73.934857,530,TRUE,0.314465409,FALSE
MLS Listing,,Multi-Family ,6819 3rd Ave,Brooklyn,NY,11220,2999000,18,6,Brooklyn,7468,2829,1931,18,402,,Active,https://www.redfin.com/NY/Brooklyn/6819-3rd-Ave-11220/home/148549029,BNYMLS,475141,N,Y,40.6358366,-74.0257204,414.8888889,TRUE,0.378816283,FALSE
MLS Listing,,Multi-Family ,32-82 30th St,Astoria,NY,11106,2999000,22,8,Queens,7228,2790,1925,64,415,,Active,https://www.redfin.com/NY/Long-Island-City/3282-30th-St-11106/home/20958810,OneKey,3478116,N,Y,40.7604484,-73.9279681,328.5454545,TRUE,0.385998893,FALSE
MLS Listing,,Multi-Family ,728 Westminster Rd,Brooklyn,NY,11230,2995000,5,3.5,Brooklyn,4400,4000,1905,46,681,,Active,https://www.redfin.com/NY/Brooklyn/728-Westminster-Rd-11230/home/40841763,REBNY,OLRS-0087104,N,Y,40.6313015,-73.965624,880,TRUE,0.909090909,FALSE
MLS Listing,,Multi-Family ,1721 Voorhies Ave,Brooklyn,NY,11235,2995000,13,6,Brooklyn,5400,2128,1922,112,555,,Active,https://www.redfin.com/NY/Brooklyn/1721-Voorhies-Ave-11235/home/181363649,SIBORMLS,1161042,N,Y,40.5861857,-73.951246,415.3846154,TRUE,0.394074074,FALSE
MLS Listing,,Multi-Family ,1002 65th St,Brooklyn,NY,11219,2990000,5,2,Brooklyn,4752,2400,1925,372,629,,Active,https://www.redfin.com/NY/Brooklyn/1002-65th-St-11219/home/40808793,BNYMLS,464125,N,Y,40.6296868,-74.008231,950.4,TRUE,0.505050505,FALSE
MLS Listing,,Multi-Family ,17-17 Madison St,Ridgewood,NY,11385,2990000,12,6,Queens,5600,2742,1930,323,534,,Active,https://www.redfin.com/NY/Queens/1717-Madison-St-11385/home/20887435,OneKey,3426676,N,Y,40.7014712,-73.9068869,466.6666667,TRUE,0.489642857,FALSE
MLS Listing,,Multi-Family ,6017 5th Ave,Brooklyn,NY,11220,2980000,6,2,Brooklyn,4200,2000,,185,710,,Active,https://www.redfin.com/NY/Brooklyn/6017-5th-Ave-11220/home/183809729,BNYMLS,471155,N,Y,40.6390076,-74.0163519,700,TRUE,0.476190476,FALSE
MLS Listing,,Multi-Family ,2330 E 74th St,Brooklyn,NY,11234,2950000,6,5,Brooklyn,7485,9000,1965,95,394,,Active,https://www.redfin.com/NY/Brooklyn/2330-E-74th-St-11234/home/40899825,BNYMLS,473236,N,Y,40.6171517,-73.9011224,1247.5,TRUE,1.20240481,FALSE
MLS Listing,,Multi-Family ,4424 10th Ave,Brooklyn,NY,11219,2950000,15,6,Brooklyn,5014,2517,,110,588,,Active,https://www.redfin.com/NY/Brooklyn/4424-10th-Ave-11219/home/40803679,BNYMLS,472900,N,Y,40.6415183,-73.9965414,334.2666667,TRUE,0.501994416,FALSE
MLS Listing,,Multi-Family ,416 W 154th St,New York,NY,10032,2950000,5,4.5,Manhattan,4104,1873,1892,441,719,,Active,https://www.redfin.com/NY/New-York/416-W-154th-St-10032/home/45309494,REBNY,RPLU-33421743682,N,Y,40.8302974,-73.9424918,820.8,TRUE,0.456384016,FALSE
MLS Listing,,Multi-Family ,578 Lafayette Ave,Brooklyn,NY,11205,2900000,5,4.5,Brooklyn,4000,1600,1899,81,725,,Active,https://www.redfin.com/NY/Brooklyn/578-Lafayette-Ave-11205/home/40725835,REBNY,PRCH-7559048,N,Y,40.6896455,-73.9518456,800,TRUE,0.4,FALSE
MLS Listing,,Multi-Family ,18-51 Madison St,Ridgewood,NY,11385,2900000,8,4,Queens,6250,2500,1930,55,464,,Active,https://www.redfin.com/NY/Queens/18-51-Madison-St-11385/home/185515339,OneKey,3480466,N,Y,40.7030725,-73.9053801,781.25,TRUE,0.4,FALSE
MLS Listing,,Multi-Family ,1810 Weeks Ave,Bronx,NY,10457,2895000,6,,Bronx,14226,3611,1939,4,204,,Pre On-Market,https://www.redfin.com/NY/Bronx/1810-Weeks-Ave-10457/home/44739804,OneKey,H6259655,N,Y,40.8471253,-73.9072143,2371,TRUE,0.253831014,FALSE
MLS Listing,,Multi-Family ,34-21 109th St,Corona,NY,11368,2880000,9,8,Queens,4312,3700,2022,262,668,,Active,https://www.redfin.com/NY/Corona/3421-109th-St-11368/home/20925797,OneKey,3440270,N,Y,40.755748,-73.859101,479.1111111,TRUE,0.858070501,FALSE
MLS Listing,,Multi-Family ,112 E 123rd St,New York,NY,10035,2850000,13,8,Manhattan,6000,2002,1900,276,475,,Active,https://www.redfin.com/NY/New-York/112-E-123rd-St-10035/home/45300053,REBNY,OLRS-0087853,N,Y,40.8033293,-73.9394838,461.5384615,TRUE,0.333666667,FALSE
MLS Listing,,Multi-Family ,1991 Madison Ave,New York,NY,10035,2850000,0,,Manhattan,4408,1442,1930,98,647,,Active,https://www.redfin.com/NY/New-York/1991-Madison-Ave-10035/home/45299820,OneKey,H6242111,N,Y,40.8068297,-73.9395232,0,FALSE,0.327132486,FALSE
MLS Listing,,Multi-Family ,511 Eastern Pkwy,Brooklyn,NY,11216,2799999,18,14.5,Brooklyn,12008,5279,1920,413,233,,Active,https://www.redfin.com/NY/Brooklyn/511-Eastern-Pkwy-11216/home/40709933,BNYMLS,463038,N,Y,40.6704211,-73.9514421,667.1111111,TRUE,0.439623584,FALSE
MLS Listing,,Multi-Family ,6005 5th Ave,Brooklyn,NY,11220,2799000,8,4,Brooklyn,4000,2000,1903,46,700,,Active,https://www.redfin.com/NY/Brooklyn/6005-5th-Ave-11220/home/160277176,BNYMLS,474504,N,Y,40.6392104,-74.0162182,500,TRUE,0.5,FALSE
MLS Listing,,Multi-Family ,41-23 Haight St,Queens,NY,11355,2790000,10,7.5,Queens,5354,1900,2015,63,521,,Active,https://www.redfin.com/NY/Queens/4123-Haight-St-11355/home/109748585,OneKey,3478494,N,Y,40.755203,-73.834023,535.4,TRUE,0.35487486,FALSE
MLS Listing,,Multi-Family ,5709 5th Ave,Brooklyn,NY,11220,2780000,12,6,Brooklyn,6500,2500,1904,16,428,,Active,https://www.redfin.com/NY/Brooklyn/5709-5th-Ave-11220/home/176476185,BNYMLS,475186,N,Y,40.640871,-74.0145321,541.6666667,TRUE,0.384615385,FALSE
MLS Listing,,Multi-Family ,565 E 184th St,Bronx,NY,10458,2750000,0,,Bronx,5085,3280,1931,257,541,,Active,https://www.redfin.com/NY/The-Bronx/565-E-184th-St-10458/home/182621674,OneKey,H6218371,N,Y,40.8546707,-73.8899949,0,FALSE,0.645034415,FALSE
MLS Listing,,Multi-Family ,279 Tompkins Ave,Brooklyn,NY,11216,2750000,12,6,Brooklyn,6500,1875,1931,229,423,,Active,https://www.redfin.com/NY/Brooklyn/279-Tompkins-Ave-11216/home/183112046,OneKey,3446044,N,Y,40.6885401,-73.9446387,541.6666667,TRUE,0.288461538,FALSE
MLS Listing,,Multi-Family ,59 Newell St,Greenpoint,NY,11222,2750000,16,8,Brooklyn,8000,2500,1928,8,344,,Active,https://www.redfin.com/NY/Brooklyn/59-Newell-St-11222/home/40740663,OneKey,3489431,N,Y,40.7244706,-73.9473969,500,TRUE,0.3125,FALSE
MLS Listing,,Multi-Family ,217 W 122nd St,New York,NY,10027,2750000,5,5.5,Manhattan,4230,1261,2016,361,650,,Active,https://www.redfin.com/NY/New-York/217-W-122nd-St-10027/home/176197092,REBNY,RPLU-5121868942,N,Y,40.807581,-73.9505281,846,TRUE,0.298108747,FALSE
MLS Listing,,Multi-Family ,152 W 121st St,New York,NY,10027,2750000,8,6,Manhattan,4950,1817,1900,130,556,,Active,https://www.redfin.com/NY/New-York/152-W-121st-St-10027/home/45305459,OneKey,3463455,N,Y,40.8059271,-73.9494719,618.75,TRUE,0.367070707,FALSE
MLS Listing,,Multi-Family ,2061 49th St,Astoria,NY,11105,2750000,11,6,Queens,5088,4200,2005,245,540,,Active,https://www.redfin.com/NY/Long-Island-City/2061-49th-St-11105/home/20950305,BNYMLS,469111,N,Y,40.7709381,-73.8973789,462.5454545,TRUE,0.825471698,FALSE
MLS Listing,,Multi-Family ,12 St Pauls Ave,Staten  Island,NY,10301,2750000,15,6,Staten Island,9000,7200,1931,83,306,,Active,https://www.redfin.com/NY/Staten-Island/12-Saint-Pauls-Ave-10301/home/185236793,BNYMLS,473573,N,Y,40.6375245,-74.078225,600,TRUE,0.8,FALSE
MLS Listing,,Multi-Family ,2024 Avenue L,Brooklyn,NY,11210,2700000,7,5,Brooklyn,4400,6000,1915,251,614,,Active,https://www.redfin.com/NY/Brooklyn/2024-Avenue-L-11210/home/40871396,BNYMLS,468986,N,Y,40.6208468,-73.9546495,628.5714286,TRUE,1.363636364,FALSE
MLS Listing,,Multi-Family ,652 Seneca Ave,Queens,NY,11385,2699000,8,4,Queens,4875,2250,1930,260,554,,Active,https://www.redfin.com/NY/Queens/652-Seneca-AVE-11358/home/180926579,SIBORMLS,1158488,N,Y,40.703439,-73.909227,609.375,TRUE,0.461538462,FALSE
MLS Listing,,Multi-Family ,85 Ann St,Staten Island,NY,10302,2699000,28,34,Staten Island,13800,5125,1930,5,196,,Active,https://www.redfin.com/NY/Staten-Island/85-Ann-St-10302/home/56117159,SIBORMLS,1163113,N,Y,40.6386471,-74.1317919,492.8571429,TRUE,0.371376812,FALSE
MLS Listing,,Multi-Family ,2572 W 16th St,Brooklyn,NY,11214,2688000,9,4,Brooklyn,5115,4000,1995,417,526,,Active,https://www.redfin.com/NY/Brooklyn/2572-W-16th-St-11214/home/40850182,BNYMLS,457518,N,Y,40.584993,-73.9852756,568.3333333,TRUE,0.782013685,FALSE
MLS Listing,,Multi-Family ,52-12 102nd St,Corona,NY,11368,2688000,10,7,Queens,5335,2500,2013,39,504,,Active,https://www.redfin.com/NY/Queens/5212-102nd-St-11368/home/21693786,OneKey,3484029,N,Y,40.7414939,-73.8596848,533.5,TRUE,0.468603561,FALSE
MLS Listing,,Multi-Family ,144 Avenue T,Brooklyn,NY,11223,2685000,11,5,Brooklyn,6200,1980,1928,46,433,,Active,https://www.redfin.com/NY/Brooklyn/144-Avenue-T-11223/home/171333101,BNYMLS,474502,N,Y,40.598325,-73.9799497,563.6363636,TRUE,0.319354839,FALSE
MLS Listing,,Multi-Family ,614 W 146th St,New York,NY,10031,2600000,6,5,Manhattan,4818,2064,1910,61,540,,Active,https://www.redfin.com/NY/New-York/614-W-146th-St-10031/home/45309793,REBNY,OLRS-0020799,N,Y,40.8273928,-73.9510562,803,TRUE,0.428393524,FALSE
MLS Listing,,Multi-Family ,104-20 38th Ave,Corona,NY,11368,2600000,15,8.5,Queens,7800,3125,2007,165,333,,Active,https://www.redfin.com/NY/Queens/10420-38th-Ave-11368/home/20922338,OneKey,3456603,N,Y,40.7514406,-73.8616394,520,TRUE,0.400641026,FALSE
MLS Listing,,Multi-Family ,102 Patchen Ave,Brooklyn,NY,11221,2599000,6,6,Brooklyn,4662,2007,1931,308,557,,Active,https://www.redfin.com/NY/Brooklyn/102-Patchen-Ave-11221/home/40721252,BNYMLS,466625,N,Y,40.6883929,-73.9273243,777,TRUE,0.430501931,FALSE
MLS Listing,,Multi-Family ,168 Bay 13th St,Brooklyn,NY,11214,2580000,10,7,Brooklyn,4125,4833,1995,22,625,,Active,https://www.redfin.com/NY/Brooklyn/168-Bay-13th-St-11214/home/40831151,BNYMLS,475044,N,Y,40.6064778,-74.0101013,412.5,TRUE,1.171636364,FALSE
MLS Listing,,Multi-Family ,7215 3rd Ave,Brooklyn,NY,11209,2580000,12,6,Brooklyn,6787,2667,1931,29,380,,Active,https://www.redfin.com/NY/Brooklyn/7215-3rd-Ave-11209/home/148721497,BNYMLS,474881,N,Y,40.6330916,-74.026822,565.5833333,TRUE,0.392957124,FALSE
MLS Listing,,Multi-Family ,5622 4th Ave,Brooklyn,NY,11220,2500000,23,8,Brooklyn,8492,3333,1904,47,294,,Active,https://www.redfin.com/NY/Brooklyn/5622-4th-Ave-11220/home/40694736,BNYMLS,474434,N,Y,40.6428656,-74.0168223,369.2173913,TRUE,0.392487047,FALSE
MLS Listing,,Multi-Family ,234 Powers St,Brooklyn,NY,11211,2500000,0,,Brooklyn,4290,1875,1920,16,583,,Active,https://www.redfin.com/NY/Brooklyn/234-Powers-St-11211/home/185992440,REBNY,OLRS-0091653,N,Y,40.7124278,-73.9415733,0,FALSE,0.437062937,FALSE
MLS Listing,,Multi-Family ,101 W 121st St,New York,NY,10027,2500000,0,,Manhattan,4500,1520,1910,40,556,,Active,https://www.redfin.com/NY/New-York/101-W-121st-St-10027/home/45305487,OneKey,H6253821,N,Y,40.8055856,-73.9477499,0,FALSE,0.337777778,FALSE
MLS Listing,,Multi-Family ,23-52 31st St,Astoria,NY,11105,2500000,8,4.5,Queens,4025,2500,1931,267,621,,Active,https://www.redfin.com/NY/Queens/23-52-31st-St-11105/home/175191381,OneKey,3439146,N,Y,40.7734002,-73.9144309,503.125,TRUE,0.621118012,FALSE
MLS Listing,,Multi-Family ,104-30 39 Ave,Corona,NY,11368,2500000,15,8.5,Queens,7800,3125,2008,165,321,,Active,https://www.redfin.com/NY/Queens/10430-39th-Ave-11368/home/20925342,OneKey,3456599,N,Y,40.7508019,-73.8609502,520,TRUE,0.400641026,FALSE
MLS Listing,,Multi-Family ,83-24 Dongan Ave,Elmhurst,NY,11373,2500000,18,9,Queens,10920,3392,1931,141,229,,Active,https://www.redfin.com/NY/Elmhurst/8324-Dongan-Ave-11373/home/20927658,OneKey,3461049,N,Y,40.7398624,-73.8799231,606.6666667,TRUE,0.310622711,FALSE
MLS Listing,,Multi-Family ,144-53 38th Ave,Queens,NY,11354,2499000,10,8,Queens,6212,3240,1971,160,402,,Active,https://www.redfin.com/NY/Queens/14453-38th-Ave-11354/home/20855469,OneKey,3457496,N,Y,40.7635614,-73.8207504,621.2,TRUE,0.521571153,FALSE
MLS Listing,,Multi-Family ,211 W 252 St,Bronx,NY,10471,2495000,5,,Bronx,5374,2067,2017,1,464,,Active,https://www.redfin.com/NY/Bronx/211-W-252nd-St-10471/home/44762340,OneKey,H6259833,N,Y,40.8980177,-73.8977004,1074.8,TRUE,0.384629699,FALSE
MLS Listing,,Multi-Family ,947 79th St,Brooklyn,NY,11228,2495000,9,7,Brooklyn,6550,5000,1996,14,381,,Active,https://www.redfin.com/NY/Brooklyn/947-79th-St-11228/home/40816021,BNYMLS,475205,N,Y,40.6230713,-74.0177216,727.7777778,TRUE,0.763358779,FALSE
MLS Listing,,Multi-Family ,213 E 120th St,New York,NY,10035,2495000,7,4,Manhattan,5200,1892,1899,69,480,,Active,https://www.redfin.com/NY/New-York/213-E-120th-St-10035/home/185374501,REBNY,OLRS-0090956,N,Y,40.8003622,-73.9373581,742.8571429,TRUE,0.363846154,FALSE
MLS Listing,,Multi-Family ,474 W 145th St,New York,NY,10031,2495000,3,4,Manhattan,4800,1500,1896,8,520,,Active,https://www.redfin.com/NY/New-York/474-W-145th-St-10031/home/185929923,OneKey,H6257061,N,Y,40.8249141,-73.9474255,1600,TRUE,0.3125,FALSE
MLS Listing,,Multi-Family ,7222 3rd Ave,Brooklyn,NY,11209,2488888,17,16,Brooklyn,7200,2000,1930,32,346,,Active,https://www.redfin.com/NY/Brooklyn/7222-3rd-Ave-11209/home/40813295,SIBORMLS,1160967,N,Y,40.6330213,-74.0274188,423.5294118,TRUE,0.277777778,FALSE
MLS Listing,,Multi-Family ,104-54 Roosevelt Ave,Corona,NY,11368,2480000,7,5.5,Queens,4815,2500,2006,155,515,,Active,https://www.redfin.com/NY/Queens/10454-Roosevelt-Ave-11368/home/184256279,OneKey,3458446,N,Y,40.7502118,-73.8596728,687.8571429,TRUE,0.5192108,FALSE
MLS Listing,,Multi-Family ,636 55th St,Brooklyn,NY,11220,2450000,19,8,Brooklyn,4688,1944,1945,125,523,,Active,https://www.redfin.com/NY/Brooklyn/636-55th-St-11220/home/40694606,BNYMLS,472529,N,Y,40.640295,-74.01028,246.7368421,TRUE,0.414675768,FALSE
MLS Listing,,Multi-Family ,46 Sutton St,Greenpoint,NY,11222,2450000,12,6,Brooklyn,4500,2500,1937,271,544,,Active,https://www.redfin.com/NY/Brooklyn/46-Sutton-St-11222/home/40740930,OneKey,3436314,N,Y,40.724569,-73.9402253,375,TRUE,0.555555556,FALSE
MLS Listing,,Multi-Family ,102-106 Winter Ave,Staten Island,NY,10301,2450000,24,20,Staten Island,8500,8500,1910,5,288,,Active,https://www.redfin.com/NY/Staten-Island/102-Winter-Ave-10301/home/56128817,SIBORMLS,1163116,N,Y,40.6385748,-74.0851095,354.1666667,TRUE,1,FALSE
MLS Listing,,Multi-Family ,1708 86th St,Brooklyn,NY,11214,2400000,7,5,Brooklyn,4800,2000,1926,113,500,,Active,https://www.redfin.com/NY/Brooklyn/1708-86th-St-11214/home/171335534,BNYMLS,472764,N,Y,40.6083167,-74.0048739,685.7142857,TRUE,0.416666667,FALSE
MLS Listing,,Multi-Family ,4405 5th Ave,Brooklyn,NY,11220,2399000,14,5,Brooklyn,6320,2000,1926,40,380,,Active,https://www.redfin.com/NY/Brooklyn/4405-5th-Ave-11220/home/40691192,BNYMLS,474603,N,Y,40.6481809,-74.0067989,451.4285714,TRUE,0.316455696,FALSE
MLS Listing,,Multi-Family ,147 Bay 25th St,Brooklyn,NY,11214,2399000,36,12,Brooklyn,13500,4294,1928,443,178,,Active,https://www.redfin.com/NY/Brooklyn/147-Bay-25th-St-11214/home/179469230,BNYMLS,458045,N,Y,40.6010894,-74.0004032,375,TRUE,0.318074074,FALSE
MLS Listing,,Multi-Family ,1422 Flatbush Ave,Midwood,NY,11210,2399000,21,8.5,Brooklyn,11300,4450,1931,287,212,,Active,https://www.redfin.com/NY/Brooklyn/1422-Flatbush-Ave-11210/home/182118838,OneKey,3434744,N,Y,40.6358832,-73.9513635,538.0952381,TRUE,0.39380531,FALSE
MLS Listing,,Multi-Family ,178 Beaumont St,Brooklyn,NY,11235,2389999,8,6,Brooklyn,6000,4000,2003,82,398,,Active,https://www.redfin.com/NY/Brooklyn/178-Beaumont-St-11235/home/40908068,BNYMLS,473488,N,Y,40.5776276,-73.9513891,750,TRUE,0.666666667,FALSE
MLS Listing,,Multi-Family ,1227 60th St,Brooklyn,NY,11219,2350000,3,2,Brooklyn,5300,4007,1931,71,443,,Active,https://www.redfin.com/NY/Brooklyn/1227-60th-St-11219/home/185359755,BNYMLS,473887,N,Y,40.6298357,-73.999796,1766.666667,TRUE,0.756037736,FALSE
MLS Listing,,Multi-Family ,60-16 Woodbine St,Ridgewood,NY,11385,2350000,12,12,Queens,5070,2600,1930,88,464,,Active,https://www.redfin.com/NY/Queens/6016-Woodbine-St-11385/home/20886240,OneKey,3472871,N,Y,40.7069992,-73.8999979,422.5,TRUE,0.512820513,FALSE
MLS Listing,,Multi-Family ,6301 10th Ave,Brooklyn,NY,11219,2349000,6,7,Brooklyn,4800,1600,1930,251,489,,Active,https://www.redfin.com/NY/Brooklyn/6301-10th-Ave-11219/home/174558353,BNYMLS,467687,N,Y,40.6308895,-74.0067313,800,TRUE,0.333333333,FALSE
MLS Listing,,Multi-Family ,1102 Ovington Ave,Brooklyn,NY,11219,2300000,10,11,Brooklyn,5200,2000,1920,95,442,,Active,https://www.redfin.com/NY/Brooklyn/1102-Ovington-Ave-11219/home/185109968,SIBORMLS,1161368,N,Y,40.6266296,-74.0077129,520,TRUE,0.384615385,FALSE
MLS Listing,,Multi-Family ,41-36 Gleane St #11,Queens,NY,11373,2300000,16,11,Queens,7830,3000,1931,168,294,,Active,https://www.redfin.com/NY/Queens/41-36-Gleane-St-11373/unit-11/home/183952020,OneKey,3454533,N,Y,40.7457886,-73.8787749,489.375,TRUE,0.383141762,FALSE
MLS Listing,,Multi-Family ,490 Jansen St,Staten  Island,NY,10312,2300000,6,6,Staten Island,4346,23002,1985,27,529,,Active,https://www.redfin.com/NY/Staten-Island/490-Jansen-St-10312/home/56113520,BNYMLS,474907,N,Y,40.5274146,-74.179841,724.3333333,TRUE,5.292682927,TRUE
MLS Listing,,Multi-Family ,1926 83rd St,Brooklyn,NY,11214,2299000,22,12,Brooklyn,17748,4000,1929,78,130,,Active,https://www.redfin.com/NY/Brooklyn/1926-83rd-St-11214/home/182703335,BNYMLS,473706,N,Y,40.6070876,-73.9980848,806.7272727,TRUE,0.225377507,FALSE
MLS Listing,,Multi-Family ,43-11 108th St,Corona,NY,11368,2298000,16,8,Queens,5000,2500,2009,54,460,,Active,https://www.redfin.com/NY/Corona/4311-108th-St-11368/home/23253781,OneKey,3480687,N,Y,40.74841,-73.85722,312.5,TRUE,0.5,FALSE
MLS Listing,,Multi-Family ,341 E 116th St,New York,NY,10029,2295000,6,6,Manhattan,4625,2220,1900,123,496,,Active,https://www.redfin.com/NY/New-York/341-E-116th-St-10029/home/45298760,REBNY,PRCH-7516172,N,Y,40.7965238,-73.936163,770.8333333,TRUE,0.48,FALSE
MLS Listing,,Multi-Family ,289 Bleecker St,Bushwick,NY,11237,2250000,18,9,Brooklyn,4875,2500,1931,22,462,,Active,https://www.redfin.com/NY/Brooklyn/289-Bleecker-St-11237/home/40747563,OneKey,3487477,N,Y,40.6999054,-73.9167618,270.8333333,TRUE,0.512820513,FALSE
MLS Listing,,Multi-Family ,16 St Pauls Ave,Staten  Island,NY,10301,2250000,8,4.5,Staten Island,4608,5000,1931,83,488,,Active,https://www.redfin.com/NY/Staten-Island/16-Saint-Pauls-Ave-10301/home/185237001,BNYMLS,473570,N,Y,40.6373091,-74.0780895,576,TRUE,1.085069444,FALSE
MLS Listing,,Multi-Family ,7414 12th Ave,Brooklyn,NY,11228,2248000,6,4,Brooklyn,4192,5000,1925,28,536,,Active,https://www.redfin.com/NY/Brooklyn/7414-12th-Ave-11228/home/40823872,BNYMLS,474911,N,Y,40.6220677,-74.0096078,698.6666667,TRUE,1.192748092,FALSE
MLS Listing,,Multi-Family ,1062 Putnam Ave,Brooklyn,NY,11221,2235750,10,4,Brooklyn,4125,2500,1905,27,542,,Active,https://www.redfin.com/NY/Brooklyn/1062-Putnam-Ave-11221/home/185848832,REBNY,RPLU-33422530872,N,Y,40.6873384,-73.9196154,412.5,TRUE,0.606060606,FALSE
MLS Listing,,Multi-Family ,1607 Williamsbridge Rd,Bronx,NY,10461,2200000,7,4,Bronx,5084,5084,1950,297,,,Active,https://www.redfin.com/NY/Bronx/1607-Williamsbridge-Rd-10461/home/44733175,OneKey,3432759,N,Y,40.8471913,-73.8494894,726.2857143,TRUE,1,FALSE
MLS Listing,,Multi-Family ,158 E 111 St,New York,NY,10029,2200000,18,,Manhattan,4270,1943,1944,49,515,,Active,https://www.redfin.com/NY/New-York/158-E-111th-St-10029/home/45298043,OneKey,H6251350,N,Y,40.795095,-73.943723,237.2222222,TRUE,0.455035129,FALSE
MLS Listing,,Multi-Family ,2 Decker Ave,Staten Island,NY,10302,2200000,12,10,Staten Island,11400,3750,1931,66,193,,Active,https://www.redfin.com/NY/Staten-Island/2-Decker-Ave-10302/home/56127862,SIBORMLS,1161950,N,Y,40.632029,-74.133146,950,TRUE,0.328947368,FALSE
MLS Listing,,Multi-Family ,69 Starbuck St,Staten Island,NY,10304,2150000,10,7,Staten Island,5875,8900,,34,366,,Active,https://www.redfin.com/NY/Staten-Island/69-Starbuck-St-10304/home/56133978,REBNY,OLRS-0084151,N,Y,40.6106661,-74.0899736,587.5,TRUE,1.514893617,FALSE
MLS Listing,,Multi-Family ,31-20 41st St,Astoria,NY,11103,2149000,6,5.5,Queens,4500,2500,1965,5,478,,Active,https://www.redfin.com/NY/Long-Island-City/3120-41st-St-11103/home/20954786,OneKey,3491077,N,Y,40.7605364,-73.9169455,750,TRUE,0.555555556,FALSE
MLS Listing,,Multi-Family ,1135 60th St,Brooklyn,NY,11219,2100000,6,4,Brooklyn,4200,2003,1899,125,500,,Active,https://www.redfin.com/NY/Brooklyn/1135-60th-St-11219/home/40807667,BNYMLS,472516,N,Y,40.6311097,-74.0018953,700,TRUE,0.476904762,FALSE
MLS Listing,,Multi-Family ,941 44th St,Brooklyn,NY,11219,2100000,5,3.5,Brooklyn,4400,2805,,235,477,,Active,https://www.redfin.com/NY/Brooklyn/941-44th-St-11219/home/40803288,BNYMLS,469288,N,Y,40.6426414,-73.9967752,880,TRUE,0.6375,FALSE
MLS Listing,,Multi-Family ,72-18 34th Ave,Jackson Heights,NY,11372,2100000,9,6,Queens,4770,3057,1928,74,440,,Active,https://www.redfin.com/NY/Queens/7218-34th-Ave-11372/home/20933418,OneKey,3476093,N,Y,40.7526214,-73.8936073,530,TRUE,0.640880503,FALSE
MLS Listing,,Multi-Family ,43-20 222nd St,Bayside,NY,11361,2098888,6,5,Queens,4159,8000,1910,35,505,,Active,https://www.redfin.com/NY/Queens/4320-222nd-St-11361/home/20831029,OneKey,3484725,N,Y,40.7624379,-73.759852,693.1666667,TRUE,1.923539312,FALSE
MLS Listing,,Multi-Family ,30-49 79 St,East Elmhurst,NY,11370,2088000,9,5,Queens,4968,5000,1980,41,420,,Active,https://www.redfin.com/NY/East-Elmhurst/3049-79th-St-11370/home/20940685,OneKey,3483460,N,Y,40.7594805,-73.8886675,552,TRUE,1.006441224,FALSE
MLS Listing,,Multi-Family ,1335-33-37 Taylor Ave,Bronx,NY,10472,2000000,5,,Bronx,4500,7500,1924,96,444,,Active,https://www.redfin.com/NY/Bronx/1335-Taylor-Ave-10472/home/44758714,OneKey,H6243000,N,Y,40.8332553,-73.8659341,900,TRUE,1.666666667,FALSE
MLS Listing,,Multi-Family ,457 Rogers Ave,Brooklyn,NY,11225,2000000,5,,Brooklyn,4400,1700,1910,253,455,,Active,https://www.redfin.com/NY/Brooklyn/457-Rogers-Ave-11225/home/175027273,BNYMLS,468941,N,Y,40.6611724,-73.9532719,880,TRUE,0.386363636,FALSE
MLS Listing,,Multi-Family ,3550 Laconia Ave,Bronx,NY,10469,1999999,6,6,Bronx,4564,2500,2023,126,438,,Active,https://www.redfin.com/NY/Bronx/3550-Laconia-Ave-10469/home/44735993,OneKey,H6237269,N,Y,40.8752403,-73.8545089,760.6666667,TRUE,0.547765118,FALSE
MLS Listing,,Multi-Family ,9212 3rd Ave,Brooklyn,NY,11209,1999999,7,5.5,Brooklyn,4674,1900,1926,399,428,,Active,https://www.redfin.com/NY/Brooklyn/9212-3rd-Ave-11209/home/179891576,BNYMLS,463439,N,Y,40.6190632,-74.033145,667.7142857,TRUE,0.406504065,FALSE
MLS Listing,,Multi-Family ,1655 66th St,Brooklyn,NY,11204,1999900,10,5,Brooklyn,5520,2650,1931,12,362,,Active,https://www.redfin.com/NY/Brooklyn/1655-66th-St-11204/home/40801183,BNYMLS,475276,N,Y,40.620712,-73.9939644,552,TRUE,0.480072464,FALSE
MLS Listing,,Multi-Family ,1727 E 14th St,Brooklyn,NY,11229,1999000,12,6,Brooklyn,5250,2499,,97,381,,Active,https://www.redfin.com/NY/Brooklyn/1727-E-14th-St-11229/home/40845754,BNYMLS,473183,N,Y,40.6074371,-73.9588281,437.5,TRUE,0.476,FALSE
MLS Listing,,Multi-Family ,87 Russell St,Brooklyn,NY,11222,1999000,6,6,Brooklyn,4288,2858,1931,244,466,,Active,https://www.redfin.com/NY/Brooklyn/87-Russell-St-11222/home/40741136,REBNY,RPLU-33422130239,N,Y,40.7236141,-73.9444091,714.6666667,TRUE,0.666511194,FALSE
MLS Listing,,Multi-Family ,154-18 Powells Cove Blvd,Beechhurst,NY,11357,1999000,5,3.5,Queens,4257,10000,1930,126,470,,Active,https://www.redfin.com/NY/Whitestone/15418-Powells-Cove-Blvd-11357/home/20868429,OneKey,3464306,N,Y,40.7942209,-73.8061223,851.4,TRUE,2.349072117,FALSE
MLS Listing,,Multi-Family ,2070 Vyse Ave,Bronx,NY,10460,1998000,25,9,Bronx,10080,3933,1909,5,198,,Active,https://www.redfin.com/NY/Bronx/2070-Vyse-Ave-10460/home/44714739,OneKey,H6257329,N,Y,40.8431152,-73.8808364,403.2,TRUE,0.390178571,FALSE
MLS Listing,,Multi-Family ,4015 Atlantic Ave,Brooklyn,NY,11224,1998000,12,7,Brooklyn,5100,9000,1930,95,392,,Active,https://www.redfin.com/NY/Brooklyn/4015-Atlantic-Ave-11224/home/40852215,BNYMLS,473234,N,Y,40.5745179,-74.0068304,425,TRUE,1.764705882,FALSE
MLS Listing,,Multi-Family ,1902 8th Ave,Brooklyn,NY,11215,1998000,19,8,Brooklyn,5890,1634,1931,356,339,,Active,https://www.redfin.com/NY/Brooklyn/1902-8th-Ave-11215/home/40696400,BNYMLS,464550,N,Y,40.6585481,-73.9859643,310,TRUE,0.277419355,FALSE
MLS Listing,,Multi-Family ,546 W 165th St,New York,NY,10032,1995000,19,5,Manhattan,8125,2388,1910,35,246,,Active,https://www.redfin.com/NY/New-York/546-W-165th-St-10032/home/45310146,OneKey,H6254373,N,Y,40.8385405,-73.9405056,427.6315789,TRUE,0.293907692,FALSE
MLS Listing,,Multi-Family ,41-12 28th Ave,Astoria,NY,11103,1995000,8,5,Queens,4280,2002,1974,55,466,,Active,https://www.redfin.com/NY/Long-Island-City/4112-28th-Ave-11103/home/20952349,OneKey,3480288,N,Y,40.7646792,-73.91272,535,TRUE,0.467757009,FALSE
MLS Listing,,Multi-Family ,1733 78th St,Brooklyn,NY,11214,1990000,7,5,Brooklyn,4788,2500,,105,416,,Active,https://www.redfin.com/NY/Brooklyn/1733-78th-St-11214/home/40825963,BNYMLS,473015,N,Y,40.6127394,-73.9991297,684,TRUE,0.52213868,FALSE
MLS Listing,,Multi-Family ,38-02/04 150th St,Queens,NY,11354,1990000,6,2,Queens,4750,4750,1910,11,419,,Active,https://www.redfin.com/NY/Queens/38-2-150th-St-11354/home/49674012,OneKey,3489757,N,Y,40.7646076,-73.8151261,791.6666667,TRUE,1,FALSE
MLS Listing,,Multi-Family ,1400 Forest Ave,Staten  Island,NY,10302,1990000,4,2,Staten Island,5500,5600,1931,308,362,,Active,https://www.redfin.com/NY/Staten-Island/1400-Forest-Ave-10302/home/181754305,BNYMLS,466604,N,Y,40.625048,-74.1354769,1375,TRUE,1.018181818,FALSE
MLS Listing,,Multi-Family ,8420 17th Ave,Brooklyn,NY,11214,1988000,11,4,Brooklyn,4900,4800,1929,1,406,,Active,https://www.redfin.com/NY/Brooklyn/8420-17th-Ave-11214/home/180950497,BNYMLS,475543,N,Y,40.6096356,-74.004053,445.4545455,TRUE,0.979591837,FALSE
MLS Listing,,Multi-Family ,108-16 37th Ave Unit 1B,Corona,NY,11368,1988000,11,4,Queens,4070,2025,2005,82,488,,Active,https://www.redfin.com/NY/Corona/10816-37th-Ave-11368/unit-1B/home/20922266,OneKey,3473998,N,Y,40.7538335,-73.8594532,370,TRUE,0.497542998,FALSE
MLS Listing,,Multi-Family ,719 41 St,Brooklyn,NY,11232,1980000,11,6,Brooklyn,4620,2504,1926,61,429,,Active,https://www.redfin.com/NY/Brooklyn/719-41st-St-11232/home/40697204,BNYMLS,474164,N,Y,40.6472786,-73.9998357,420,TRUE,0.541991342,FALSE
MLS Listing,,Multi-Family ,1402 Avenue N,Brooklyn,NY,11230,1975000,8,7,Brooklyn,5346,2700,1920,351,369,,Active,https://www.redfin.com/NY/Brooklyn/1402-Avenue-N-11230/home/171028122,BNYMLS,465626,N,Y,40.6153122,-73.9603435,668.25,TRUE,0.505050505,FALSE
MLS Listing,,Multi-Family ,2003 49th St,Astoria,NY,11105,1950000,7,3,Queens,4065,2548,1988,245,480,,Active,https://www.redfin.com/NY/Long-Island-City/2003-49th-St-11105/home/20950301,BNYMLS,469115,N,Y,40.7721299,-73.8960008,580.7142857,TRUE,0.626814268,FALSE
MLS Listing,,Multi-Family ,149-31 45th Ave,Queens,NY,11355,1950000,6,4,Queens,40100,4000,1915,242,49,,Active,https://www.redfin.com/NY/Queens/14931-45th-Ave-11355/home/20840646,OneKey,3444441,N,Y,40.7565604,-73.8119784,6683.333333,TRUE,0.099750623,FALSE
MLS Listing,,Multi-Family ,11-19 Burbank Ave,Staten Island,NY,10306,1949000,8,8,Staten Island,6600,10000,1931,102,295,,Active,https://www.redfin.com/NY/Staten-Island/1119-Burbank-Ave-10306/home/179492623,SIBORMLS,1161221,N,Y,40.577028,-74.11733,825,TRUE,1.515151515,FALSE
MLS Listing,,Multi-Family ,2436 84th St,Brooklyn,NY,11214,1900000,6,4,Brooklyn,5382,2933,1923,53,353,,Active,https://www.redfin.com/NY/Brooklyn/2436-84th-St-11214/home/185534306,BNYMLS,474347,N,Y,40.5996573,-73.9874335,897,TRUE,0.544964697,FALSE
MLS Listing,,Multi-Family ,2074 Fifth Ave,New York,NY,10035,1900000,9,5,Manhattan,5000,1425,1909,88,380,,Active,https://www.redfin.com/NY/New-York/2074-5th-Ave-10035/home/45299493,REBNY,PRCH-7552668,N,Y,40.8082842,-73.9412356,555.5555556,TRUE,0.285,FALSE
MLS Listing,,Multi-Family ,35-36 10th St,Long Island City,NY,11106,1900000,5,5.5,Queens,4780,3034,2005,407,397,,Active,https://www.redfin.com/NY/Astoria/3536-10th-St-11106/home/20644949,OneKey,3405742,N,Y,40.7622645,-73.9404632,956,TRUE,0.634728033,FALSE
MLS Listing,,Multi-Family ,35-32 10th St,Long Island City,NY,11106,1900000,7,5.5,Queens,4780,2233,2005,407,397,,Active,https://www.redfin.com/NY/Astoria/3532-10th-St-11106/home/20957804,OneKey,3405510,N,Y,40.76238,-73.940481,682.8571429,TRUE,0.467154812,FALSE
MLS Listing,,Multi-Family ,55-16 69th St,Maspeth,NY,11378,1900000,7,4,Queens,4250,,1970,92,447,,Active,https://www.redfin.com/NY/Queens/55-16-69th-St-11378/home/168292278,OneKey,H6243398,N,Y,40.7273266,-73.895678,607.1428571,TRUE,0,FALSE
MLS Listing,,Multi-Family ,891 4th Ave,Brooklyn,NY,11232,1899000,12,6,Brooklyn,4000,2587,1925,18,475,,Active,https://www.redfin.com/NY/Brooklyn/891-4th-Ave-11232/home/40690741,BNYMLS,474956,N,Y,40.6556077,-74.0026986,333.3333333,TRUE,0.64675,FALSE
MLS Listing,,Multi-Family ,1456 Bay Ridge Ave,Brooklyn,NY,11219,1899000,9,5.5,Brooklyn,4680,2000,1909,250,406,,Active,https://www.redfin.com/NY/Brooklyn/1456-Bay-Ridge-Ave-11219/home/40821127,BNYMLS,468968,N,Y,40.6214102,-74.0002491,520,TRUE,0.427350427,FALSE
MLS Listing,,Multi-Family ,6603 13th Ave,Brooklyn,NY,11219,1880000,8,6,Brooklyn,4200,1600,1931,214,448,,Active,https://www.redfin.com/NY/Brooklyn/6603-13th-Ave-11219/home/175018976,BNYMLS,469497,N,Y,40.6250995,-74.0020456,525,TRUE,0.380952381,FALSE
MLS Listing,,Multi-Family ,,New York,NY,10034,1875000,0,,Manhattan,4485,2500,1920,70,418,,Active,https://www.redfin.com/NY/New-York/Undisclosed-address-10034/home/45312409,REBNY,OLRS-00010023176,N,Y,40.8685516,-73.9221553,0,FALSE,0.557413601,FALSE
MLS Listing,,Multi-Family ,667 Coney Island Ave,Brooklyn,NY,11218,1850000,6,2.5,Brooklyn,4320,1700,1930,11,428,,Active,https://www.redfin.com/NY/Brooklyn/667-Coney-Island-Ave-11218/home/186036498,BNYMLS,475312,N,Y,40.641202,-73.969008,720,TRUE,0.393518519,FALSE
MLS Listing,,Multi-Family ,6203 20th Ave,Brooklyn,NY,11204,1850000,5,2.5,Brooklyn,4000,1600,1920,43,463,,Active,https://www.redfin.com/NY/Brooklyn/6203-20th-Ave-11204/home/185639183,BNYMLS,474508,N,Y,40.6179901,-73.984093,800,TRUE,0.4,FALSE
MLS Listing,,Multi-Family ,132-08 95th Ave,Richmond Hill,NY,11418,1850000,6,5,Queens,4000,5042,2021,292,463,,Active,https://www.redfin.com/NY/Jamaica/13208-95th-Ave-11419/home/20775316,OneKey,3433810,N,Y,40.695279,-73.816091,666.6666667,TRUE,1.2605,FALSE
MLS Listing,,Multi-Family ,1650 Saint Johns Pl,Brooklyn,NY,11233,1825000,12,9,Brooklyn,5200,2000,2014,89,351,,Active,https://www.redfin.com/NY/Brooklyn/1650-Saint-Johns-Pl-11233/home/40714116,REBNY,PRCH-7552514,N,Y,40.6699414,-73.9231605,433.3333333,TRUE,0.384615385,FALSE
MLS Listing,,Multi-Family ,2196 Mcdonald Ave,Brooklyn,NY,11223,1800000,14,5,Brooklyn,4140,3375,1920,424,435,,Active,https://www.redfin.com/NY/Brooklyn/2196-McDonald-Ave-11223/home/179516100,BNYMLS,462764,N,Y,40.5986638,-73.973338,295.7142857,TRUE,0.815217391,FALSE
MLS Listing,,Multi-Family ,35-34 10th St,Long Island City,NY,11106,1800000,7,5.5,Queens,4780,2233,2005,407,377,,Active,https://www.redfin.com/NY/Astoria/3534-10th-St-11106/home/20644974,OneKey,3405731,N,Y,40.7622651,-73.9404492,682.8571429,TRUE,0.467154812,FALSE
MLS Listing,,Multi-Family ,42-32 81st St,Elmhurst,NY,11373,1800000,11,6,Queens,5148,2700,1928,40,350,,Active,https://www.redfin.com/NY/Queens/4232-81st-St-11373/home/20927454,OneKey,3483811,N,Y,40.7424172,-73.8842849,468,TRUE,0.524475524,FALSE
MLS Listing,,Multi-Family ,1746 Anthony Ave,Bronx,NY,10457,1799999,7,2,Bronx,4140,2705,1901,64,435,,Active,https://www.redfin.com/NY/Bronx/1746-Anthony-Ave-10457/home/44711907,OneKey,H6248972,N,Y,40.8451935,-73.9036716,591.4285714,TRUE,0.653381643,FALSE
MLS Listing,,Multi-Family ,73-19 71st St,Glendale,NY,11385,1799999,9,6,Queens,4800,2975,1931,149,375,,Active,https://www.redfin.com/NY/Glendale/7319-71st-St-11385/home/20878396,OneKey,3458232,N,Y,40.701481,-73.8795631,533.3333333,TRUE,0.619791667,FALSE
MLS Listing,,Multi-Family ,626 92nd St,Brooklyn,NY,11228,1799998,8,5,Brooklyn,4000,2914,1935,140,450,,Active,https://www.redfin.com/NY/Brooklyn/626-92nd-St-11228/home/40821378,BNYMLS,471986,N,Y,40.615709,-74.025705,500,TRUE,0.7285,FALSE
MLS Listing,,Multi-Family ,196-49 45th Ave,Queens,NY,11358,1799000,9,6.5,Queens,4620,4000,1915,12,389,,Active,https://www.redfin.com/NY/Queens/19649-45th-Ave-11358/home/20839373,OneKey,3489457,N,Y,40.7566612,-73.7837526,513.3333333,TRUE,0.865800866,FALSE
MLS Listing,,Multi-Family ,2401-2407 Richmond Rd,Staten Island,NY,10306,1799000,14,20,Staten Island,5400,5925,1934,42,333,,Active,https://www.redfin.com/NY/Staten-Island/2401-Richmond-Rd-10306/home/56115819,SIBORMLS,1162416,N,Y,40.5767551,-74.1185618,385.7142857,TRUE,1.097222222,FALSE
MLS Listing,,Multi-Family ,6037 Delafield Ave,Bronx,NY,10471,1795000,13,6,Bronx,4676,4621,1970,27,384,,Active,https://www.redfin.com/NY/Bronx/6037-Delafield-Ave-10471/home/44752124,REBNY,RPLU-33422537292,N,Y,40.9095628,-73.902685,359.6923077,TRUE,0.98823781,FALSE
MLS Listing,,Multi-Family ,1516 W 5th St,Brooklyn,NY,11204,1788000,2,8,Brooklyn,5840,2000,1928,71,306,,Active,https://www.redfin.com/NY/Brooklyn/1516-W-5th-St-11204/home/40837793,BNYMLS,473907,N,Y,40.6102799,-73.9793046,2920,TRUE,0.342465753,FALSE
MLS Listing,,Multi-Family ,549 50th St,Brooklyn,NY,11220,1750000,12,6.5,Brooklyn,5250,2504,1907,75,333,,Active,https://www.redfin.com/NY/Brooklyn/549-50th-St-11220/home/40692742,BNYMLS,473773,N,Y,40.6444917,-74.0089109,437.5,TRUE,0.476952381,FALSE
MLS Listing,,Multi-Family ,649 St Marks Ave,Brooklyn,NY,11216,1750000,7,4,Brooklyn,4080,2505,,96,429,,Active,https://www.redfin.com/NY/Brooklyn/649-Saint-Marks-Ave-11216/home/40708211,BNYMLS,473221,N,Y,40.6755369,-73.951618,582.8571429,TRUE,0.613970588,FALSE
MLS Listing,,Multi-Family ,124 W 131st St,New York,NY,10027,1750000,12,3,Manhattan,4238,1873,1885,143,413,,Active,https://www.redfin.com/NY/New-York/124-W-131st-St-10027/home/45305813,REBNY,PRCH-5277130,N,Y,40.8119076,-73.9439736,353.1666667,TRUE,0.441953752,FALSE
MLS Listing,,Multi-Family ,518 39 St,Brooklyn,NY,11232,1749000,12,6,Brooklyn,4815,25100,1925,111,363,,Active,https://www.redfin.com/NY/Brooklyn/518-39th-St-11232/home/40696744,SIBORMLS,1161050,N,Y,40.6508296,-74.0035824,401.25,TRUE,5.212876428,TRUE
MLS Listing,,Multi-Family ,101-01 101st Ave,Ozone Park,NY,11416,1748000,4,3,Queens,4980,5000,1920,154,351,,Active,https://www.redfin.com/NY/Jamaica/101-01-101st-Ave-11416/home/172549947,OneKey,3458622,N,Y,40.6857671,-73.8416001,1245,TRUE,1.004016064,FALSE
MLS Listing,,Multi-Family ,18-78 Madison St,Ridgewood,NY,11385,1725000,18,6,Queens,5700,2742,1930,165,303,,Active,https://www.redfin.com/NY/Queens/1878-Madison-St-11385/home/20884003,OneKey,3456505,N,Y,40.7036054,-73.9042063,316.6666667,TRUE,0.481052632,FALSE
MLS Listing,,Multi-Family ,2040 73rd St,Brooklyn,NY,11204,1700000,15,6,Brooklyn,6279,3000,1931,29,271,,Active,https://www.redfin.com/NY/Brooklyn/2040-73rd-St-11204/home/40823754,BNYMLS,474873,N,Y,40.611216,-73.9896926,418.6,TRUE,0.477783086,FALSE
MLS Listing,,Multi-Family ,1563 70th St,Brooklyn,NY,11228,1700000,2,4,Brooklyn,4680,2000,1922,54,363,,Active,https://www.redfin.com/NY/Brooklyn/1563-70th-St-11228/home/40821737,BNYMLS,474324,N,Y,40.6196667,-73.9983258,2340,TRUE,0.427350427,FALSE
MLS Listing,,Multi-Family ,131 W 118th St,New York,NY,10026,1700000,4,4.5,Manhattan,5120,2018,1899,105,332,,Active,https://www.redfin.com/NY/New-York/131-W-118th-St-10026/home/45305519,REBNY,PRCH-7533149,N,Y,40.8041261,-73.9500919,1280,TRUE,0.394140625,FALSE
MLS Listing,,Multi-Family ,661 Metropolitan Ave #6,Williamsburg,NY,11211,1699000,12,6,Brooklyn,4125,2150,1920,189,412,,Active,https://www.redfin.com/NY/Brooklyn/661-Metropolitan-Ave-11211/unit-6/home/40741938,OneKey,3451628,N,Y,40.714489,-73.947028,343.75,TRUE,0.521212121,FALSE
MLS Listing,,Multi-Family ,930 59th St,Brooklyn,NY,11219,1698000,11,6,Brooklyn,4800,2003,1920,39,354,,Active,https://www.redfin.com/NY/Brooklyn/930-59th-St-11219/home/40807569,BNYMLS,474685,N,Y,40.6340613,-74.006106,436.3636364,TRUE,0.417291667,FALSE
MLS Listing,,Multi-Family ,2566 E 1 St,Brooklyn,NY,11223,1695000,7,4,Brooklyn,4026,25000,1960,85,421,,Active,https://www.redfin.com/NY/Brooklyn/2566-E-1st-St-11223/home/40857864,BNYMLS,473500,N,Y,40.5869854,-73.9689001,575.1428571,TRUE,6.209637357,TRUE
MLS Listing,,Multi-Family ,1319 Avenue R,Homecrest,NY,11229,1695000,3,2,Brooklyn,5500,3000,1925,130,308,,Active,https://www.redfin.com/NY/Brooklyn/1319-Avenue-R-11229/home/40845049,OneKey,3463686,N,Y,40.6058865,-73.958984,1833.333333,TRUE,0.545454545,FALSE
MLS Listing,,Multi-Family ,5907 4th Ave,Brooklyn,NY,11220,1688800,16,8,Brooklyn,6344,2080,1931,146,266,,Active,https://www.redfin.com/NY/Brooklyn/5907-4th-Ave-11220/home/40695642,BNYMLS,472050,N,Y,40.6411475,-74.0178487,396.5,TRUE,0.327868852,FALSE
MLS Listing,,Multi-Family ,1876 W 9th St,Brooklyn,NY,11223,1680000,11,6,Brooklyn,5148,2800,1931,6,326,,Active,https://www.redfin.com/NY/Brooklyn/1876-W-9th-St-11223/home/40840719,BNYMLS,475405,N,Y,40.6013903,-73.9816062,468,TRUE,0.543900544,FALSE
MLS Listing,,Multi-Family ,4383 Matilda Ave,Bronx,NY,10466,1650000,13,7,Bronx,5850,2500,1930,18,282,,Active,https://www.redfin.com/NY/Bronx/4383-Matilda-Ave-10466/home/44783126,OneKey,H6256918,N,Y,40.8988698,-73.8566386,450,TRUE,0.427350427,FALSE
MLS Listing,,Multi-Family ,366 E 160th St,Bronx,NY,10451,1650000,9,7,Bronx,4539,2465,1899,77,364,,Active,https://www.redfin.com/NY/Bronx/366-E-160th-St-10451/home/44715699,OneKey,H6242944,N,Y,40.8238102,-73.9154206,504.3333333,TRUE,0.543071161,FALSE
MLS Listing,,Multi-Family ,761 E 9th St,Brooklyn,NY,11230,1650000,12,7,Brooklyn,5000,2667,1925,43,330,,Active,https://www.redfin.com/NY/Brooklyn/761-E-9th-St-11230/home/40834405,BNYMLS,474547,N,Y,40.6302609,-73.967828,416.6666667,TRUE,0.5334,FALSE
MLS Listing,,Multi-Family ,2024 Bay Ridge Ave,Brooklyn,NY,11204,1650000,5,6,Brooklyn,5148,2667,1927,85,321,,Active,https://www.redfin.com/NY/Brooklyn/2024-Bay-Ridge-Ave-11204/home/40821861,BNYMLS,473462,N,Y,40.6137576,-73.9878002,1029.6,TRUE,0.518065268,FALSE
MLS Listing,,Multi-Family ,2331 W 12th St,Brooklyn,NY,11223,1650000,9,5,Brooklyn,4320,4000,2006,243,382,,Active,https://www.redfin.com/NY/Brooklyn/2331-W-12th-St-11223/home/40856525,BNYMLS,469181,N,Y,40.5906586,-73.9818321,480,TRUE,0.925925926,FALSE
MLS Listing,,Multi-Family ,6909 15th Ave,Brooklyn,NY,11228,1649000,12,6,Brooklyn,4920,2633,1924,209,335,,Active,https://www.redfin.com/NY/Brooklyn/6909-15th-Ave-11228/home/40821749,BNYMLS,470681,N,Y,40.6206743,-73.9995172,410,TRUE,0.535162602,FALSE
MLS Listing,,Multi-Family ,3176 Tierney Pl,Bronx,NY,10465,1599999,6,5,Bronx,4073,3149,2003,63,393,,Active,https://www.redfin.com/NY/Bronx/3176-Tierney-Pl-10465/home/44786955,OneKey,H6245265,N,Y,40.813524,-73.802218,678.8333333,TRUE,0.773140192,FALSE
MLS Listing,,Multi-Family ,100 Jackson St #6,Williamsburg,NY,11211,1599000,12,6,Brooklyn,4738,3158,1928,154,337,,Active,https://www.redfin.com/NY/Brooklyn/100-Jackson-St-11211/unit-6/home/40742203,OneKey,3458649,N,Y,40.7162148,-73.9474437,394.8333333,TRUE,0.66652596,FALSE
MLS Listing,,Multi-Family ,105 Newell St,Greenpoint,NY,11222,1599000,6,6,Brooklyn,4500,2500,1930,95,355,,Active,https://www.redfin.com/NY/Brooklyn/105-Newell-St-11222/home/40739882,OneKey,3471241,N,Y,40.7259395,-73.9482551,750,TRUE,0.555555556,FALSE
MLS Listing,,Multi-Family ,320 61 St,Brooklyn,NY,11220,1595000,14,6,Brooklyn,5100,2048,1911,5,313,,Active,https://www.redfin.com/NY/Brooklyn/320-61st-St-11220/home/40809808,BNYMLS,475450,N,Y,40.6411025,-74.0207743,364.2857143,TRUE,0.401568627,FALSE
MLS Listing,,Multi-Family ,5411 4th Ave,Brooklyn,NY,11220,1558000,12,6,Brooklyn,4875,2000,1931,39,320,,Active,https://www.redfin.com/NY/Brooklyn/5411-4th-Ave-11220/home/40694453,BNYMLS,474604,N,Y,40.6438105,-74.0149407,406.25,TRUE,0.41025641,FALSE
MLS Listing,,Multi-Family ,4790 Barnes Ave,Bronx,NY,10470,1550000,9,5,Bronx,4356,5798,1931,18,356,,Active,https://www.redfin.com/NY/Bronx/4790-Barnes-Ave-10470/home/44748214,OneKey,H6256947,N,Y,40.9050736,-73.8474165,484,TRUE,1.331037649,FALSE
MLS Listing,,Multi-Family ,324 91 St,Brooklyn,NY,11209,1550000,11,6,Brooklyn,5625,2800,1925,71,276,,Active,https://www.redfin.com/NY/Brooklyn/324-91st-St-11209/home/40819811,BNYMLS,473440,N,Y,40.619785,-74.031737,511.3636364,TRUE,0.497777778,FALSE
MLS Listing,,Multi-Family ,1700 Pilgrim Ave,Bronx,NY,10461,1500000,8,8,Bronx,5335,2500,1927,68,281,,Active,https://www.redfin.com/NY/Bronx/1700-Pilgrim-Ave-10461/home/44732148,OneKey,H6248456,N,Y,40.8456192,-73.833429,666.875,TRUE,0.468603561,FALSE
MLS Listing,,Multi-Family ,2510 Webb Ave,Bronx,NY,10468,1500000,8,3,Bronx,4127,3550,1910,135,363,,Active,https://www.redfin.com/NY/Bronx/2510-Webb-Ave-10468/home/44713900,OneKey,H6235790,N,Y,40.8661662,-73.9038094,515.875,TRUE,0.860188999,FALSE
MLS Listing,,Multi-Family ,805 E 156th St,Bronx,NY,10455,1500000,15,4,Bronx,4800,1999,1910,218,313,,Active,https://www.redfin.com/NY/Bronx/805-E-156th-St-10455/home/44717946,OneKey,H6155390,N,Y,40.8178356,-73.9039041,320,TRUE,0.416458333,FALSE
MLS Listing,,Multi-Family ,3617 15th Ave,Brooklyn,NY,11218,1499999,11,6,Brooklyn,5250,2125,1930,421,286,,Active,https://www.redfin.com/NY/Brooklyn/3617-15th-Ave-11218/home/179566660,SIBORMLS,1154868,N,Y,40.6391608,-73.9802545,477.2727273,TRUE,0.404761905,FALSE
MLS Listing,,Multi-Family ,7120 21st Ave,Brooklyn,NY,11204,1499998,12,6,Brooklyn,4797,2650,1925,321,313,,Active,https://www.redfin.com/NY/Brooklyn/7120-21st-Ave-11204/home/40822591,BNYMLS,466314,N,Y,40.6115125,-73.9878811,399.75,TRUE,0.552428601,FALSE
MLS Listing,,Multi-Family ,89-17 170th St,Jamaica,NY,11432,1498000,6,8,Queens,4275,2875,1970,46,350,,Active,https://www.redfin.com/NY/Queens/89-17-170th-St-11432/home/179536832,OneKey,3482303,N,Y,40.709225,-73.7905509,712.5,TRUE,0.67251462,FALSE
MLS Listing,,Multi-Family ,1566 Dwight Pl,Bronx,NY,10465,1488888,9,3.5,Bronx,4400,5001,1968,56,338,,Active,https://www.redfin.com/NY/Bronx/1566-Dwight-Pl-10465/home/44748410,OneKey,H6241860,N,Y,40.8461671,-73.8238256,488.8888889,TRUE,1.136590909,FALSE
MLS Listing,,Multi-Family ,1424 71 St,Brooklyn,NY,11228,1488000,8,6,Brooklyn,4680,2000,1925,47,318,,Active,https://www.redfin.com/NY/Brooklyn/1424-71st-St-11228/home/40822924,BNYMLS,474461,N,Y,40.6207007,-74.0024173,585,TRUE,0.427350427,FALSE
MLS Listing,,Multi-Family ,83 Montgomery Ave,Staten Island,NY,10301,1488000,8,3,Staten Island,4125,2125,2019,196,361,,Active,https://www.redfin.com/NY/Staten-Island/83-Montgomery-Ave-10301/home/109611987,SIBORMLS,1159382,N,Y,40.6398559,-74.0780621,515.625,TRUE,0.515151515,FALSE
MLS Listing,,Multi-Family ,110-44 Corona Ave,Corona,NY,11368,1450000,9,7,Queens,4590,1920,2011,19,316,,Active,https://www.redfin.com/NY/Corona/11044-Corona-Ave-11368/home/45111839,OneKey,3488162,N,Y,40.7408298,-73.8513941,510,TRUE,0.418300654,FALSE
MLS Listing,,Multi-Family ,360 61st St,Brooklyn,NY,11220,1435000,15,12,Brooklyn,5100,2048,1911,29,281,,Active,https://www.redfin.com/NY/Brooklyn/360-61st-St-11220/home/40809791,SIBORMLS,1162661,N,Y,40.6405646,-74.0197801,340,TRUE,0.401568627,FALSE
MLS Listing,,Multi-Family ,18-72 Starr St,Ridgewood,NY,11385,1425000,9,5,Queens,4050,2375,1930,107,352,,Active,https://www.redfin.com/NY/Queens/1872-Starr-St-11385/home/20883043,OneKey,3444311,N,Y,40.7107578,-73.9170374,450,TRUE,0.586419753,FALSE
MLS Listing,,Multi-Family ,47-24 45 St,Sunnyside,NY,11104,1400000,11,6,Queens,4800,2000,1928,57,292,,Active,https://www.redfin.com/NY/Sunnyside/4724-45-ST-11104/home/185496998,OneKey,3479887,N,Y,40.7448741,-73.9198161,436.3636364,TRUE,0.416666667,FALSE
MLS Listing,,Multi-Family ,2393 Richmond Rd,Staten Island,NY,10306,1399888,6,6,Staten Island,4585,12625,1928,286,305,,Active,https://www.redfin.com/NY/Staten-Island/2393-Richmond-Rd-10306/home/56063796,SIBORMLS,1158009,N,Y,40.5769524,-74.1184331,764.1666667,TRUE,2.753544166,FALSE
MLS Listing,,Multi-Family ,621 E 237th St,Bronx,NY,10466,1399000,6,4,Bronx,4700,2500,1930,27,298,,Active,https://www.redfin.com/NY/Bronx/621-E-237th-St-10466/home/44741838,OneKey,H6255089,N,Y,40.898415,-73.857579,783.3333333,TRUE,0.531914894,FALSE
MLS Listing,,Multi-Family ,1565 Saint Peters Ave,Bronx,NY,10461,1399000,14,6,Bronx,5103,2056,1926,275,274,,Active,https://www.redfin.com/NY/Bronx/1565-Saint-Peters-Ave-10461/home/44731103,OneKey,H6216049,N,Y,40.8403844,-73.8478179,364.5,TRUE,0.402900255,FALSE
MLS Listing,,Multi-Family ,109-12 Westside Ave,Corona,NY,11368,1399000,5,5,Queens,4046,1253,2002,27,346,,Active,https://www.redfin.com/NY/Queens/10912-Westside-Ave-11368/home/20668876,OneKey,3486468,N,Y,40.7410489,-73.852366,809.2,TRUE,0.309688581,FALSE
MLS Listing,,Multi-Family ,255 Senator St,Brooklyn,NY,11220,1398888,9,6,Brooklyn,4440,2030,1906,118,315,,Active,https://www.redfin.com/NY/Brooklyn/255-Senator-St-11220/home/40810802,BNYMLS,472696,N,Y,40.6376945,-74.0263049,493.3333333,TRUE,0.457207207,FALSE
MLS Listing,,Multi-Family ,16 Burnside Ave,Staten Island,NY,10302,1395000,7,4,Staten Island,4050,3700,2021,76,344,,Active,https://www.redfin.com/NY/Staten-Island/16-Burnside-Ave-10302/home/56119805,SIBORMLS,1161762,N,Y,40.6248594,-74.1353048,578.5714286,TRUE,0.913580247,FALSE
MLS Listing,,Multi-Family ,3815 Seagate Ave,Brooklyn,NY,11224,1390000,13,10,Brooklyn,5211,12000,,30,267,,Active,https://www.redfin.com/NY/Brooklyn/3815-Seagate-Ave-11224/home/179802894,BNYMLS,474874,N,Y,40.575757,-74.005076,400.8461538,TRUE,2.302820956,FALSE
MLS Listing,,Multi-Family ,453 42nd St,Brooklyn,NY,11232,1388000,16,8,Brooklyn,6668,2672,1914,63,208,,Active,https://www.redfin.com/NY/Brooklyn/453-42nd-St-11232/home/40690729,BNYMLS,474063,N,Y,40.6502185,-74.0063562,416.75,TRUE,0.400719856,FALSE
MLS Listing,,Multi-Family ,45-12 Avenue D,East Flatbush,NY,11203,1375000,5,4,Queens,4000,4000,1932,350,344,,Active,https://www.redfin.com/NY/Brooklyn/4512-Avenue-D-11203/home/180311765,OneKey,3420556,N,Y,40.6416815,-73.9337203,800,TRUE,1,FALSE
MLS Listing,,Multi-Family ,1122 Fox St,Bronx,NY,10459,1365000,17,4,Bronx,5280,2000,1901,210,259,,Active,https://www.redfin.com/NY/Bronx/1122-Fox-St-10459/home/44604605,OneKey,H6223882,N,Y,40.8275667,-73.8936238,310.5882353,TRUE,0.378787879,FALSE
MLS Listing,,Multi-Family ,749 Pennsylvania Ave,Brooklyn,NY,11207,1360000,11,6,Brooklyn,4020,2534,1930,99,338,,Active,https://www.redfin.com/NY/Brooklyn/749-Pennsylvania-Ave-11207/home/40767342,BNYMLS,473120,N,Y,40.6593121,-73.8908287,365.4545455,TRUE,0.630348259,FALSE
MLS Listing,,Multi-Family ,71-12 66th St,Glendale,NY,11385,1350000,6,6,Queens,5712,2800,1931,88,236,,Active,https://www.redfin.com/NY/Glendale/7112-66th-St-11385/home/20880288,OneKey,3472873,N,Y,40.7023326,-73.8891107,952,TRUE,0.490196078,FALSE
MLS Listing,,Multi-Family ,2869 W 17th St,Brooklyn,NY,11224,1300000,12,12,Brooklyn,5280,2375,1930,10,246,,Active,https://www.redfin.com/NY/Brooklyn/2869-W-17th-St-11224/home/40851808,SIBORMLS,1163011,N,Y,40.5772779,-73.9847132,440,TRUE,0.449810606,FALSE
MLS Listing,,Multi-Family ,1581 E 12th St,Brooklyn,NY,11230,1299000,7,3,Brooklyn,4400,1100,1920,273,295,,Active,https://www.redfin.com/NY/Brooklyn/1581-E-12th-St-11230/home/40844159,BNYMLS,467489,N,Y,40.6107278,-73.9612274,628.5714286,TRUE,0.25,FALSE
MLS Listing,,Multi-Family ,312 Harman St,Bushwick,NY,11237,1298000,11,7,Brooklyn,4425,2500,1931,43,293,,Active,https://www.redfin.com/NY/Brooklyn/312-Harman-St-11237/home/40746852,OneKey,3482772,N,Y,40.700165,-73.9183906,402.2727273,TRUE,0.564971751,FALSE
MLS Listing,,Multi-Family ,,Staten Island,NY,10301,1298000,13,10,Staten Island,5884,2500,1920,33,221,,Active,https://www.redfin.com/NY/Staten-Island/Undisclosed-address-10301/home/77422294,SIBORMLS,1162596,N,Y,40.6372345,-74.0868532,452.6153846,TRUE,0.424881033,FALSE
MLS Listing,,Multi-Family ,20-18 Palmetto St,Ridgewood,NY,11385,1295000,15,6,Queens,5600,2742,1910,252,231,,Active,https://www.redfin.com/NY/Queens/2018-Palmetto-St-11385/home/20887122,OneKey,3442242,N,Y,40.7062237,-73.9039355,373.3333333,TRUE,0.489642857,FALSE
MLS Listing,,Multi-Family ,1221 Rosedale Ave,Bronx,NY,10472,1275000,6,4,Bronx,4200,2492,1920,204,304,,Active,https://www.redfin.com/NY/Bronx/1221-Rosedale-Ave-10472/home/44757619,OneKey,H6215626,N,Y,40.8302348,-73.8691623,700,TRUE,0.593333333,FALSE
MLS Listing,,Multi-Family ,376 95th St,Brooklyn,NY,11209,1275000,6,6,Brooklyn,4165,2000,1929,132,306,,Active,https://www.redfin.com/NY/Brooklyn/376-95th-St-11209/home/40820843,SIBORMLS,1160590,N,Y,40.6160825,-74.0318323,694.1666667,TRUE,0.480192077,FALSE
MLS Listing,,Multi-Family ,236-14 Bentley Rd,Rosedale,NY,11422,1259900,8,5,Queens,5038,5038,1988,167,250,,Active,https://www.redfin.com/NY/Jamaica/23614-Bentley-Rd-11422/home/20684408,OneKey,3456011,N,Y,40.6537306,-73.7465028,629.75,TRUE,1,FALSE
MLS Listing,,Multi-Family ,1136 Metcalf Ave,Bronx,NY,10472,1250000,8,3,Bronx,6150,2500,1929,17,203,,Active,https://www.redfin.com/NY/Bronx/1136-Metcalf-Ave-10472/home/44721082,OneKey,H6257546,N,Y,40.8283802,-73.8720361,768.75,TRUE,0.406504065,FALSE
MLS Listing,,Multi-Family ,1433 Edward L Grant Hwy,Bronx,NY,10452,1250000,5,3.5,Bronx,4200,1942,1912,49,298,,Active,https://www.redfin.com/NY/Bronx/1433-Edward-L-Grant-Hwy-10452/home/185558089,OneKey,H6251638,N,Y,40.8426924,-73.9231301,840,TRUE,0.462380952,FALSE
MLS Listing,,Multi-Family ,763 Jackson Ave,Bronx,NY,10466,1250000,9,4,Bronx,4113,1608,1910,50,304,,Active,https://www.redfin.com/NY/Bronx/763-Jackson-Ave-10456/home/44602843,OneKey,3481145,N,Y,40.8191017,-73.9069227,457,TRUE,0.390955507,FALSE
MLS Listing,,Multi-Family ,568 Maple St,Brooklyn,NY,11203,1250000,17,6,Brooklyn,6000,2500,1931,83,208,,Active,https://www.redfin.com/NY/Brooklyn/568-Maple-St-11203/home/40777373,BNYMLS,473554,N,Y,40.6611504,-73.9418329,352.9411765,TRUE,0.416666667,FALSE
MLS Listing,,Multi-Family ,196 Lawrence Ave,Brooklyn,NY,11230,1250000,12,6,Brooklyn,5006,2354,1931,124,250,,Active,https://www.redfin.com/NY/Brooklyn/196-Lawrence-Ave-11230/home/184723832,BNYMLS,472559,N,Y,40.6309244,-73.9725689,417.1666667,TRUE,0.470235717,FALSE
MLS Listing,,Multi-Family ,463 52nd St,Brooklyn,NY,11220,1250000,18,6.5,Brooklyn,5250,2500,,306,238,,Active,https://www.redfin.com/NY/Brooklyn/463-52nd-St-11220/home/40693180,BNYMLS,466148,N,Y,40.6445338,-74.0119581,291.6666667,TRUE,0.476190476,FALSE
MLS Listing,,Multi-Family ,28 Kingsley Pl,Staten Island,NY,10301,1250000,12,4,Staten Island,5516,10000,1931,82,227,,Active,https://www.redfin.com/NY/Staten-Island/28-Kingsley-Pl-10301/home/56135269,SIBORMLS,1161633,N,Y,40.635489,-74.0887769,459.6666667,TRUE,1.812907904,FALSE
MLS Listing,,Multi-Family ,247 Senator St,Brooklyn,NY,11220,1249000,10,6,Brooklyn,4500,2060,1906,219,278,,Active,https://www.redfin.com/NY/Brooklyn/247-Senator-St-11220/home/40810806,BNYMLS,470551,N,Y,40.6378136,-74.0266176,450,TRUE,0.457777778,FALSE
MLS Listing,,Multi-Family ,2017 Homecrest Ave,Brooklyn,NY,11229,1248888,6,12,Brooklyn,4320,2000,1925,13,289,,Active,https://www.redfin.com/NY/Brooklyn/2017-Homecrest-Ave-11229/home/40860928,SIBORMLS,1162937,N,Y,40.6002737,-73.9593332,720,TRUE,0.462962963,FALSE
MLS Listing,,Multi-Family ,214 Schaefer St #6,Bushwick,NY,11207,1228000,12,6,Brooklyn,6750,2500,1910,75,182,,Active,https://www.redfin.com/NY/Brooklyn/214-Schaefer-St-11207/unit-6/home/21462981,OneKey,3475893,N,Y,40.6903666,-73.9067491,562.5,TRUE,0.37037037,FALSE
MLS Listing,,Multi-Family ,10-45 115th St,College Point,NY,11356,1208000,11,6,Queens,5160,3160,1928,160,234,,Active,https://www.redfin.com/NY/Queens/1045-115th-St-11356/home/20872901,OneKey,3457484,N,Y,40.787452,-73.8521292,469.0909091,TRUE,0.612403101,FALSE
MLS Listing,,Multi-Family ,1325 Inwood Ave,Bronx,NY,10452,1200000,8,4,Bronx,4380,2762,1930,41,274,,Active,https://www.redfin.com/NY/Bronx/1325-Inwood-Ave-10452/home/44740309,OneKey,H6253618,N,Y,40.8389882,-73.9200572,547.5,TRUE,0.630593607,FALSE
MLS Listing,,Multi-Family ,439 E 45th St #6,East Flatbush,NY,11203,1200000,9,7,Queens,6000,4000,1931,152,200,,Active,https://www.redfin.com/NY/Brooklyn/439-E-45th-St-11203/unit-6/home/40779923,OneKey,3459141,N,Y,40.6508672,-73.9349029,666.6666667,TRUE,0.666666667,FALSE
MLS Listing,,Multi-Family ,137-11 156th St,Jamaica,NY,11434,1200000,8,3.5,Queens,4000,4000,1965,109,300,,Active,https://www.redfin.com/NY/Jamaica/13711-156th-St-11434/home/20710760,OneKey,3468397,N,Y,40.669371,-73.7789267,500,TRUE,1,FALSE
MLS Listing,,Multi-Family ,113-09 212 St,Queens Village,NY,11429,1200000,4,2,Queens,4522,4522,1930,4,265,,Active,https://www.redfin.com/NY/Jamaica/11309-212th-St-11429/home/20736675,OneKey,3491427,N,Y,40.7043393,-73.7435336,1130.5,TRUE,1,FALSE
MLS Listing,,Multi-Family ,635 E 233rd St,Bronx,NY,10466,1199000,4,9,Bronx,5600,2862,1930,178,214,,Active,https://www.redfin.com/NY/Bronx/635-E-233rd-St-10466/home/44804134,OneKey,H6228744,N,Y,40.8943727,-73.859572,1400,TRUE,0.511071429,FALSE
MLS Listing,,Multi-Family ,521 82nd St,Brooklyn,NY,11209,1199000,8,6,Brooklyn,4744,2108,1928,10,253,,Active,https://www.redfin.com/NY/Brooklyn/521-82nd-St-11209/home/40817037,BNYMLS,475327,N,Y,40.6241226,-74.0239867,593,TRUE,0.444350759,FALSE
MLS Listing,,Multi-Family ,47-15 44th St,Woodside,NY,11377,1199000,11,6,Queens,5148,2700,1928,40,233,,Active,https://www.redfin.com/NY/Queens/4715-44th-St-11377/home/20961617,OneKey,3483698,N,Y,40.7407968,-73.920808,468,TRUE,0.524475524,FALSE
MLS Listing,,Multi-Family ,366 Union Ave,Staten Island,NY,10303,1199000,12,4,Staten Island,5040,5984,2006,49,238,,Active,https://www.redfin.com/NY/Staten-Island/366-Union-Ave-10303/home/56075010,SIBORMLS,1162265,N,Y,40.6274381,-74.1581613,420,TRUE,1.187301587,FALSE
MLS Listing,,Multi-Family ,137 Sand Ln,Staten Island,NY,10305,1198888,13,10,Staten Island,5160,5400,1931,39,232,,Active,https://www.redfin.com/NY/Staten-Island/137-Sand-Ln-10305/home/56044826,SIBORMLS,1162492,N,Y,40.5963441,-74.0699197,396.9230769,TRUE,1.046511628,FALSE
MLS Listing,,Multi-Family ,41-08 111th St,Corona,NY,11368,1190000,11,6,Queens,4350,2500,1973,8,274,,Active,https://www.redfin.com/NY/Corona/4108-111th-St-11368/home/20920338,OneKey,3490211,N,Y,40.750512,-73.855587,395.4545455,TRUE,0.574712644,FALSE
MLS Listing,,Multi-Family ,11 Cottage Pl,Staten  Island,NY,10302,1188000,12,6,Staten Island,4056,2106,,138,293,,Active,https://www.redfin.com/NY/Staten-Island/11-Cottage-Pl-10302/home/56102041,BNYMLS,472147,N,Y,40.6367583,-74.1302125,338,TRUE,0.519230769,FALSE
MLS Listing,,Multi-Family ,18-19 George St,Ridgewood,NY,11385,1170000,12,6,Queens,4895,2500,1927,162,239,,Active,https://www.redfin.com/NY/Queens/1819-George-St-11385/home/20882790,OneKey,3457014,N,Y,40.699752,-73.901282,407.9166667,TRUE,0.51072523,FALSE
MLS Listing,,Multi-Family ,317 Dewey Ave,Staten Island,NY,10308,1115000,10,4,Staten Island,6000,8700,1931,420,186,,Active,https://www.redfin.com/NY/Staten-Island/317-Dewey-Ave-10308/home/56023361,SIBORMLS,1154893,N,Y,40.554066,-74.15388,600,TRUE,1.45,FALSE
MLS Listing,,Multi-Family ,1052 E 232nd St,Bronx,NY,10466,1100000,11,6,Bronx,5273,2736,1931,42,209,,Active,https://www.redfin.com/NY/Bronx/1052-E-232nd-St-10466/home/44737675,OneKey,H6253067,N,Y,40.8891743,-73.8472226,479.3636364,TRUE,0.518869714,FALSE
MLS Listing,,Multi-Family ,5728 Faraday Ave,Bronx,NY,10471,1100000,6,3,Bronx,4095,2655,1930,88,269,,Active,https://www.redfin.com/NY/Bronx/5728-Faraday-Ave-10471/home/44798463,OneKey,H6237438,N,Y,40.9047693,-73.8988947,682.5,TRUE,0.648351648,FALSE
MLS Listing,,Multi-Family ,46 S Bleeker St,Bronx,NY,10550,1100000,15,7,Bronx,5600,3511,1920,144,196,,Active,https://www.redfin.com/NY/Mount-Vernon/46-S-Bleeker-St-10550/home/20003735,OneKey,H6233612,N,Y,40.9102144,-73.8476725,373.3333333,TRUE,0.626964286,FALSE
MLS Listing,,Multi-Family ,1842 Schenectady Ave,Flatlands,NY,11234,1100000,8,4,Brooklyn,4009,3750,1960,4,274,,Active,https://www.redfin.com/NY/Brooklyn/1842-Schenectady-Ave-11234/home/40878218,OneKey,3490072,N,Y,40.6273385,-73.9309533,501.125,TRUE,0.93539536,FALSE
MLS Listing,,Multi-Family ,87-30 114th St,Richmond Hill,NY,11418,1098000,7,6,Queens,4800,2500,1930,60,229,,Active,https://www.redfin.com/NY/Jamaica/8730-114th-St-11418/home/20776354,OneKey,3479402,N,Y,40.6973171,-73.8346811,685.7142857,TRUE,0.520833333,FALSE
MLS Listing,,Multi-Family ,32-17 112th St,East Elmhurst,NY,11369,1050000,5,5,Queens,5300,2309,2021,272,198,,Active,https://www.redfin.com/NY/East-Elmhurst/3217-112th-St-11369/home/21689773,OneKey,3414783,N,Y,40.7589512,-73.8577802,1060,TRUE,0.435660377,FALSE
MLS Listing,,Multi-Family ,1665 76th St,Brooklyn,NY,11214,1025000,12,6,Brooklyn,5400,2500,1931,152,190,,Active,https://www.redfin.com/NY/Brooklyn/1665-76th-St-11214/home/40824796,BNYMLS,471927,N,Y,40.6148439,-73.9995578,450,TRUE,0.462962963,FALSE
MLS Listing,,Multi-Family ,960 E 181st St,Bronx,NY,10460,1000000,9,6,Bronx,4012,1838,2004,105,249,,Active,https://www.redfin.com/NY/Bronx/960-E-181st-St-10460/home/44602854,OneKey,H6241187,N,Y,40.844499,-73.8797287,445.7777778,TRUE,0.458125623,FALSE
MLS Listing,,Multi-Family ,224 Moffat St,Bushwick,NY,11207,999000,0,,Brooklyn,4875,2500,1911,48,205,,Active,https://www.redfin.com/NY/Brooklyn/224-Moffat-St-11207/home/40751676,OneKey,H6211038,N,Y,40.6884377,-73.9051415,0,FALSE,0.512820513,FALSE
MLS Listing,,Multi-Family ,566 39th St,Brooklyn,NY,11232,990000,12,6,Brooklyn,4500,2504,1935,300,220,,Active,https://www.redfin.com/NY/Brooklyn/566-39th-St-11232/home/40696752,BNYMLS,466856,N,Y,40.6501643,-74.0024347,375,TRUE,0.556444444,FALSE
MLS Listing,,Multi-Family ,3530 Eastchester Rd,Bronx,NY,10469,900000,7,5,Bronx,4050,2383,1988,27,222,,Active,https://www.redfin.com/NY/Bronx/3530-Eastchester-Rd-10469/home/44782403,OneKey,H6255678,N,Y,40.8793598,-73.8472655,578.5714286,TRUE,0.588395062,FALSE
MLS Listing,,Multi-Family ,2430 Dorsey St,Bronx,NY,10461,900000,6,3,Bronx,4099,2317,1920,46,220,,Active,https://www.redfin.com/NY/Bronx/2430-Dorsey-St-10461/home/44731202,OneKey,H6252374,N,Y,40.8400137,-73.8494759,683.1666667,TRUE,0.565259819,FALSE
MLS Listing,,Multi-Family ,242 Valentine Ln,Bronx,NY,10705,899900,7,4,Bronx,4104,5227,1905,11,219,,Active,https://www.redfin.com/NY/Yonkers/242-Valentine-Ln-10705/home/20182192,OneKey,H6258527,N,Y,40.9157858,-73.8984353,586.2857143,TRUE,1.273635478,FALSE
MLS Listing,,Multi-Family ,1067 Intervale Ave,Bronx,NY,10459,795000,8,3,Bronx,5300,1546,2005,361,150,,Active,https://www.redfin.com/NY/Bronx/1067-Intervale-Ave-10459/home/44769032,REBNY,RPLU-33421711521,N,Y,40.825163,-73.8970436,662.5,TRUE,0.291698113,FALSE
,,,,,,,,,,,,,,,,,,,,,,,,,,,,
,,,,,,,,,,,,,,,,,,,,,,,,,,,,
,,,,,,,,,,,,,,,,,,,,,,,,,,,,
,,,,,,,,,,,,,,,,,,,,,,,,,,,,
,,,,,,,,,,,,,,,,,,,,,,,,,,,,
